sales_order,order_type,organization,customer_id,net_amount,creation_date,currency,created_by,delivery_status
1,OR,1710,17100001,52.65,2016-08-17T00:00:00.000Z,USD,CB9980000027,C
2,OR,1710,17100001,353.5,2016-09-02T00:00:00.000Z,USD,CB9980000027,C
3,OR,1710,17100001,52.65,2016-09-06T00:00:00.000Z,USD,CB9980000065,C
4,OR,1710,17100001,35.1,2016-09-06T00:00:00.000Z,USD,CB9980000065,C
6,OR,1710,17100001,122.85,2016-09-06T00:00:00.000Z,USD,CB9980000065,C
7,OR,1710,17100001,50.7,2016-09-06T00:00:00.000Z,USD,CB9980000065,
8,OR,1710,17100001,33.8,2016-09-06T00:00:00.000Z,USD,CB9980000065,
10,OR,1710,USCU-CUS02,48.5,2016-09-06T00:00:00.000Z,USD,S4TESTER,C
13,OR,1710,17100003,1755,2016-09-07T00:00:00.000Z,USD,CB9980000065,C
14,OR,1710,USCU-CUS01,70200,2016-09-07T00:00:00.000Z,USD,S4TESTER,C
15,OR,1710,USCU-CUS01,70200,2016-09-07T00:00:00.000Z,USD,S4TESTER,C
16,OR,1710,USCU-CUS02,48500,2016-09-07T00:00:00.000Z,USD,S4TESTER,C
17,OR,1710,USCU-CUS03,48500,2016-09-07T00:00:00.000Z,USD,S4TESTER,C
18,OR,1710,USCU-CUS04,52650,2016-09-07T00:00:00.000Z,USD,S4TESTER,C
19,OR,1710,USCU-CUS05,70200,2016-09-07T00:00:00.000Z,USD,S4TESTER,C
20,OR,1710,USCU-CUS06,48500,2016-09-07T00:00:00.000Z,USD,S4TESTER,C
21,OR,1710,USCU-CU04,242.5,2016-09-07T00:00:00.000Z,USD,S4TESTER,C
22,OR,1710,USCU-CUS01,70200,2016-09-07T00:00:00.000Z,USD,S4TESTER,C
23,OR,1710,USCU-CUS02,48500,2016-09-07T00:00:00.000Z,USD,S4TESTER,C
24,OR,1710,USCU-CUS03,48500,2016-09-07T00:00:00.000Z,USD,S4TESTER,C
25,OR,1710,USCU-CUS04,52650,2016-09-07T00:00:00.000Z,USD,S4TESTER,C
26,OR,1710,USCU-CUS05,70200,2016-09-07T00:00:00.000Z,USD,S4TESTER,C
27,OR,1710,USCU-CUS06,48500,2016-09-07T00:00:00.000Z,USD,S4TESTER,C
28,OR,1710,USCU-CUS01,70200,2016-09-08T00:00:00.000Z,USD,S4TESTER,C
29,OR,1710,USCU-CUS02,48500,2016-09-08T00:00:00.000Z,USD,S4TESTER,C
30,OR,1710,USCU-CUS03,48500,2016-09-08T00:00:00.000Z,USD,S4TESTER,C
31,OR,1710,USCU-CUS04,52650,2016-09-08T00:00:00.000Z,USD,S4TESTER,C
32,OR,1710,USCU-CUS05,70200,2016-09-08T00:00:00.000Z,USD,S4TESTER,C
33,OR,1710,USCU-CUS06,48500,2016-09-08T00:00:00.000Z,USD,S4TESTER,C
34,OR,1710,17100001,35.1,2016-09-08T00:00:00.000Z,USD,CB9980000065,C
37,OR,1710,17100001,35.1,2016-09-12T00:00:00.000Z,USD,CB9980000065,C
38,OR,1710,17100001,0,2016-09-12T00:00:00.000Z,USD,CB9980000065,
39,OR,1710,17100001,0,2016-09-12T00:00:00.000Z,USD,CB9980000065,
40,OR,1710,17100001,35.1,2016-09-12T00:00:00.000Z,USD,CB9980000065,C
41,OR,1710,17100001,35.1,2016-09-12T00:00:00.000Z,USD,CB9980000065,C
46,OR,1710,USCU-CUS07,20000,2016-09-14T00:00:00.000Z,USD,CB9980000027,C
48,CBMO,1710,17100001,353.5,2016-09-14T00:00:00.000Z,USD,CB9980000072,C
53,OR,1710,USCU-CUS24,90,2016-09-16T00:00:00.000Z,USD,CB9980000065,
54,OR,1710,USCU-CUS24,80,2016-09-16T00:00:00.000Z,USD,CB9980000065,
56,OR,1710,USCU-CUS24,80,2016-09-16T00:00:00.000Z,USD,CB9980000065,
57,OR,1710,USCU-CUS24,80,2016-09-16T00:00:00.000Z,USD,S4TESTER,
79,OR,1710,USCU-CUS21,80,2016-09-16T00:00:00.000Z,USD,CB9980000065,
80,OR,1710,USCU-CUS21,80,2016-09-16T00:00:00.000Z,USD,CB9980000065,
81,OR,1710,USCU-CUS21,80,2016-09-16T00:00:00.000Z,USD,CB9980000065,
82,OR,1710,USCU-CUS24,80,2016-09-16T00:00:00.000Z,USD,CB9980000026,
83,OR,1710,USCU-CUS21,80,2016-09-16T00:00:00.000Z,USD,CB9980000065,
84,OR,1710,USCU-CUS21,80,2016-09-16T00:00:00.000Z,USD,CB9980000065,
85,OR,1710,USCU-CUS21,80,2016-09-16T00:00:00.000Z,USD,CB9980000065,
86,OR,1710,USCU-CUS21,80,2016-09-16T00:00:00.000Z,USD,CB9980000065,
87,OR,1710,USCU-CUS21,80,2016-09-16T00:00:00.000Z,USD,CB9980000065,
88,OR,1710,USCU-CUS21,80,2016-09-16T00:00:00.000Z,USD,CB9980000065,
89,OR,1710,USCU-CUS21,80,2016-09-16T00:00:00.000Z,USD,CB9980000065,
90,OR,1710,USCU-CUS21,80,2016-09-16T00:00:00.000Z,USD,CB9980000065,
91,OR,1710,USCU-CUS21,80,2016-09-16T00:00:00.000Z,USD,CB9980000065,
92,OR,1710,USCU-CUS24,80,2016-09-16T00:00:00.000Z,USD,CB9980000026,
93,OR,1710,USCU-CUS21,80,2016-09-16T00:00:00.000Z,USD,CB9980000065,
94,OR,1710,USCU-CUS24,80,2016-09-16T00:00:00.000Z,USD,CB9980000026,
95,OR,1710,USCU-CUS24,80,2016-09-16T00:00:00.000Z,USD,CB9980000026,
96,OR,1710,USCU-CUS21,80,2016-09-16T00:00:00.000Z,USD,CB9980000065,
97,OR,1710,USCU-CUS24,80,2016-09-16T00:00:00.000Z,USD,CB9980000026,
98,OR,1710,USCU-CUS24,80,2016-09-16T00:00:00.000Z,USD,CB9980000026,
99,OR,1710,USCU-CUS21,80,2016-09-16T00:00:00.000Z,USD,CB9980000065,
100,OR,1710,USCU-CUS24,80,2016-09-16T00:00:00.000Z,USD,CB9980000026,
101,OR,1710,USCU-CUS21,80,2016-09-16T00:00:00.000Z,USD,CB9980000065,
102,OR,1710,USCU-CUS24,80,2016-09-16T00:00:00.000Z,USD,CB9980000026,
103,OR,1710,USCU-CUS21,80,2016-09-16T00:00:00.000Z,USD,CB9980000065,
104,OR,1710,USCU-CUS24,80,2016-09-16T00:00:00.000Z,USD,CB9980000026,
105,OR,1710,USCU-CUS21,80,2016-09-16T00:00:00.000Z,USD,CB9980000065,
106,OR,1710,USCU-CUS24,80,2016-09-16T00:00:00.000Z,USD,CB9980000026,
107,OR,1710,USCU-CUS21,80,2016-09-16T00:00:00.000Z,USD,CB9980000065,
108,OR,1710,USCU-CUS24,80,2016-09-16T00:00:00.000Z,USD,CB9980000026,
109,OR,1710,USCU-CUS21,80,2016-09-16T00:00:00.000Z,USD,CB9980000065,
110,OR,1710,USCU-CUS24,80,2016-09-16T00:00:00.000Z,USD,CB9980000026,
111,OR,1710,USCU-CUS21,80,2016-09-16T00:00:00.000Z,USD,CB9980000065,
112,OR,1710,USCU-CUS24,80,2016-09-16T00:00:00.000Z,USD,CB9980000026,
113,OR,1710,USCU-CUS24,80,2016-09-16T00:00:00.000Z,USD,CB9980000026,
114,OR,1710,USCU-CUS24,80,2016-09-16T00:00:00.000Z,USD,CB9980000026,
115,OR,1710,USCU-CUS24,80,2016-09-16T00:00:00.000Z,USD,CB9980000026,
116,OR,1710,USCU-CUS24,80,2016-09-16T00:00:00.000Z,USD,CB9980000026,
117,OR,1710,USCU-CUS24,80,2016-09-16T00:00:00.000Z,USD,CB9980000026,
118,OR,1710,USCU-CUS24,80,2016-09-16T00:00:00.000Z,USD,CB9980000026,
119,OR,1710,USCU-CUS24,80,2016-09-16T00:00:00.000Z,USD,CB9980000026,
121,OR,1710,USCU-CUS24,17.55,2016-09-16T00:00:00.000Z,USD,S4TESTER,C
122,OR,1710,USCU-CUS24,17.55,2016-09-16T00:00:00.000Z,USD,S4TESTER,C
123,OR,1710,USCU-CUS24,17.55,2016-09-16T00:00:00.000Z,USD,S4TESTER,C
124,OR,1710,USCU-CUS24,17.55,2016-09-16T00:00:00.000Z,USD,S4TESTER,C
125,OR,1710,USCU-CUS24,17.55,2016-09-16T00:00:00.000Z,USD,S4TESTER,C
126,OR,1710,USCU-CUS24,17.55,2016-09-16T00:00:00.000Z,USD,S4TESTER,C
134,OR,1710,USCU-CUS22,600,2016-09-16T00:00:00.000Z,USD,S4TESTER,C
136,OR,1710,USCU-CUS22,600,2016-09-16T00:00:00.000Z,USD,S4TESTER,C
140,OR,1710,USCU-CUS22,600,2016-09-16T00:00:00.000Z,USD,S4TESTER,C
141,OR,1710,USCU-CUS07,600,2016-09-16T00:00:00.000Z,USD,S4TESTER,C
142,OR,1710,USCU-CUS08,600,2016-09-16T00:00:00.000Z,USD,S4TESTER,C
143,OR,1710,USCU-CUS09,700,2016-09-16T00:00:00.000Z,USD,S4TESTER,C
144,OR,1710,USCU-CUS07,750,2016-09-16T00:00:00.000Z,USD,S4TESTER,C
145,OR,1710,USCU-CUS08,600,2016-09-16T00:00:00.000Z,USD,S4TESTER,C
146,OR,1710,USCU-CUS09,700,2016-09-16T00:00:00.000Z,USD,S4TESTER,C
147,OR,1710,USCU-CUS07,750,2016-09-16T00:00:00.000Z,USD,S4TESTER,C
148,OR,1710,USCU-CUS08,600,2016-09-16T00:00:00.000Z,USD,S4TESTER,C
149,OR,1710,USCU-CUS09,700,2016-09-16T00:00:00.000Z,USD,S4TESTER,C
150,OR,1710,USCU-CUS07,750,2016-09-16T00:00:00.000Z,USD,S4TESTER,C
151,OR,1710,USCU-CUS08,600,2016-09-16T00:00:00.000Z,USD,S4TESTER,C
152,OR,1710,USCU-CUS09,700,2016-09-16T00:00:00.000Z,USD,S4TESTER,C
153,OR,1710,USCU-CUS07,750,2016-09-16T00:00:00.000Z,USD,S4TESTER,C
154,OR,1710,USCU-CUS08,600,2016-09-16T00:00:00.000Z,USD,S4TESTER,C
155,OR,1710,USCU-CUS09,700,2016-09-16T00:00:00.000Z,USD,S4TESTER,C
156,OR,1710,USCU-CUS07,750,2016-09-16T00:00:00.000Z,USD,S4TESTER,C
157,OR,1710,USCU-CUS08,600,2016-09-16T00:00:00.000Z,USD,S4TESTER,C
158,OR,1710,USCU-CUS09,700,2016-09-16T00:00:00.000Z,USD,S4TESTER,C
159,OR,1710,USCU-CUS07,750,2016-09-16T00:00:00.000Z,USD,S4TESTER,C
160,OR,1710,USCU-CUS08,600,2016-09-16T00:00:00.000Z,USD,S4TESTER,C
161,OR,1710,USCU-CUS09,700,2016-09-16T00:00:00.000Z,USD,S4TESTER,C
162,OR,1710,USCU-CUS07,750,2016-09-16T00:00:00.000Z,USD,S4TESTER,C
163,OR,1710,USCU-CUS08,600,2016-09-16T00:00:00.000Z,USD,S4TESTER,C
164,OR,1710,USCU-CUS09,700,2016-09-16T00:00:00.000Z,USD,S4TESTER,C
165,OR,1710,USCU-CUS07,750,2016-09-16T00:00:00.000Z,USD,S4TESTER,C
166,OR,1710,USCU-CUS08,600,2016-09-16T00:00:00.000Z,USD,S4TESTER,C
167,OR,1710,USCU-CUS09,700,2016-09-16T00:00:00.000Z,USD,S4TESTER,C
168,OR,1710,USCU-CUS07,750,2016-09-16T00:00:00.000Z,USD,S4TESTER,C
169,OR,1710,USCU-CUS08,600,2016-09-16T00:00:00.000Z,USD,S4TESTER,C
170,OR,1710,USCU-CUS09,700,2016-09-16T00:00:00.000Z,USD,S4TESTER,C
171,OR,1710,USCU-CUS07,750,2016-09-16T00:00:00.000Z,USD,S4TESTER,C
172,OR,1710,USCU-CUS08,600,2016-09-16T00:00:00.000Z,USD,S4TESTER,C
173,OR,1710,USCU-CUS09,700,2016-09-16T00:00:00.000Z,USD,S4TESTER,C
174,OR,1710,USCU-CUS07,750,2016-09-16T00:00:00.000Z,USD,S4TESTER,C
175,OR,1710,USCU-CUS08,600,2016-09-16T00:00:00.000Z,USD,S4TESTER,C
176,OR,1710,USCU-CUS09,700,2016-09-16T00:00:00.000Z,USD,S4TESTER,C
177,OR,1710,USCU-CUS07,750,2016-09-16T00:00:00.000Z,USD,S4TESTER,C
178,OR,1710,USCU-CUS08,600,2016-09-16T00:00:00.000Z,USD,S4TESTER,C
179,OR,1710,USCU-CUS09,700,2016-09-16T00:00:00.000Z,USD,S4TESTER,C
180,OR,1710,USCU-CUS07,750,2016-09-16T00:00:00.000Z,USD,S4TESTER,C
181,OR,1710,USCU-CUS08,600,2016-09-16T00:00:00.000Z,USD,S4TESTER,C
182,OR,1710,USCU-CUS09,700,2016-09-16T00:00:00.000Z,USD,S4TESTER,C
183,OR,1710,USCU-CUS07,750,2016-09-16T00:00:00.000Z,USD,S4TESTER,C
184,OR,1710,USCU-CUS08,600,2016-09-16T00:00:00.000Z,USD,S4TESTER,C
185,OR,1710,USCU-CUS09,700,2016-09-16T00:00:00.000Z,USD,S4TESTER,C
186,OR,1710,USCU-CUS07,750,2016-09-16T00:00:00.000Z,USD,S4TESTER,C
187,OR,1710,USCU-CUS08,600,2016-09-16T00:00:00.000Z,USD,S4TESTER,C
188,OR,1710,USCU-CUS09,700,2016-09-16T00:00:00.000Z,USD,S4TESTER,C
189,OR,1710,USCU-CUS07,750,2016-09-16T00:00:00.000Z,USD,S4TESTER,C
190,OR,1710,USCU-CUS08,600,2016-09-16T00:00:00.000Z,USD,S4TESTER,C
191,OR,1710,USCU-CUS09,700,2016-09-16T00:00:00.000Z,USD,S4TESTER,C
192,OR,1710,USCU-CUS07,750,2016-09-16T00:00:00.000Z,USD,S4TESTER,C
193,OR,1710,USCU-CUS08,600,2016-09-16T00:00:00.000Z,USD,S4TESTER,C
194,OR,1710,USCU-CUS09,700,2016-09-16T00:00:00.000Z,USD,S4TESTER,C
195,OR,1710,USCU-CUS07,750,2016-09-16T00:00:00.000Z,USD,S4TESTER,C
196,OR,1710,USCU-CUS08,600,2016-09-16T00:00:00.000Z,USD,S4TESTER,C
197,OR,1710,USCU-CUS09,700,2016-09-16T00:00:00.000Z,USD,S4TESTER,C
198,OR,1710,USCU-CUS07,750,2016-09-16T00:00:00.000Z,USD,S4TESTER,C
199,OR,1710,USCU-CUS08,600,2016-09-16T00:00:00.000Z,USD,S4TESTER,C
200,OR,1710,USCU-CUS09,700,2016-09-16T00:00:00.000Z,USD,S4TESTER,C
201,OR,1710,USCU-CUS07,750,2016-09-16T00:00:00.000Z,USD,S4TESTER,C
202,OR,1710,USCU-CUS08,600,2016-09-16T00:00:00.000Z,USD,S4TESTER,C
203,OR,1710,USCU-CUS09,700,2016-09-16T00:00:00.000Z,USD,S4TESTER,C
204,OR,1710,USCU-CUS07,750,2016-09-16T00:00:00.000Z,USD,S4TESTER,C
205,OR,1710,USCU-CUS08,600,2016-09-16T00:00:00.000Z,USD,S4TESTER,C
206,OR,1710,USCU-CUS09,700,2016-09-16T00:00:00.000Z,USD,S4TESTER,C
207,OR,1710,USCU-CUS07,750,2016-09-16T00:00:00.000Z,USD,S4TESTER,C
208,OR,1710,USCU-CUS08,600,2016-09-16T00:00:00.000Z,USD,S4TESTER,C
209,OR,1710,USCU-CUS09,700,2016-09-16T00:00:00.000Z,USD,S4TESTER,C
210,OR,1710,USCU-CUS07,750,2016-09-16T00:00:00.000Z,USD,S4TESTER,C
211,OR,1710,USCU-CUS08,600,2016-09-16T00:00:00.000Z,USD,S4TESTER,C
212,OR,1710,USCU-CUS09,700,2016-09-16T00:00:00.000Z,USD,S4TESTER,C
213,OR,1710,USCU-CUS07,750,2016-09-16T00:00:00.000Z,USD,S4TESTER,C
214,OR,1710,USCU-CUS08,600,2016-09-16T00:00:00.000Z,USD,S4TESTER,C
215,OR,1710,USCU-CUS09,700,2016-09-16T00:00:00.000Z,USD,S4TESTER,C
216,OR,1710,USCU-CUS07,750,2016-09-16T00:00:00.000Z,USD,S4TESTER,C
217,OR,1710,USCU-CUS08,600,2016-09-16T00:00:00.000Z,USD,S4TESTER,C
218,OR,1710,USCU-CUS09,700,2016-09-16T00:00:00.000Z,USD,S4TESTER,C
219,OR,1710,USCU-CUS07,750,2016-09-16T00:00:00.000Z,USD,S4TESTER,C
220,OR,1710,USCU-CUS08,600,2016-09-16T00:00:00.000Z,USD,S4TESTER,C
221,OR,1710,USCU-CUS09,700,2016-09-16T00:00:00.000Z,USD,S4TESTER,C
222,OR,1710,USCU-CUS07,750,2016-09-16T00:00:00.000Z,USD,S4TESTER,C
223,OR,1710,USCU-CUS08,600,2016-09-16T00:00:00.000Z,USD,S4TESTER,C
224,OR,1710,USCU-CUS09,700,2016-09-16T00:00:00.000Z,USD,S4TESTER,C
225,OR,1710,USCU-CUS07,750,2016-09-16T00:00:00.000Z,USD,S4TESTER,C
226,OR,1710,USCU-CUS08,600,2016-09-16T00:00:00.000Z,USD,S4TESTER,C
227,OR,1710,USCU-CUS09,700,2016-09-16T00:00:00.000Z,USD,S4TESTER,C
228,OR,1710,USCU-CUS07,750,2016-09-16T00:00:00.000Z,USD,S4TESTER,C
229,OR,1710,USCU-CUS08,600,2016-09-16T00:00:00.000Z,USD,S4TESTER,C
230,OR,1710,USCU-CUS09,700,2016-09-16T00:00:00.000Z,USD,S4TESTER,C
231,OR,1710,USCU-CUS07,750,2016-09-16T00:00:00.000Z,USD,S4TESTER,C
232,OR,1710,USCU-CUS08,600,2016-09-16T00:00:00.000Z,USD,S4TESTER,C
233,OR,1710,USCU-CUS09,700,2016-09-16T00:00:00.000Z,USD,S4TESTER,C
234,OR,1710,USCU-CUS07,750,2016-09-16T00:00:00.000Z,USD,S4TESTER,C
235,OR,1710,USCU-CUS08,600,2016-09-16T00:00:00.000Z,USD,S4TESTER,C
236,OR,1710,USCU-CUS09,700,2016-09-16T00:00:00.000Z,USD,S4TESTER,C
237,OR,1710,USCU-CUS07,750,2016-09-16T00:00:00.000Z,USD,S4TESTER,C
238,OR,1710,USCU-CUS08,600,2016-09-16T00:00:00.000Z,USD,S4TESTER,C
239,OR,1710,USCU-CUS09,700,2016-09-16T00:00:00.000Z,USD,S4TESTER,C
240,OR,1710,USCU-CUS07,750,2016-09-16T00:00:00.000Z,USD,S4TESTER,C
241,OR,1710,USCU-CUS08,600,2016-09-16T00:00:00.000Z,USD,S4TESTER,C
242,OR,1710,USCU-CUS09,700,2016-09-16T00:00:00.000Z,USD,S4TESTER,C
243,OR,1710,USCU-CUS07,750,2016-09-16T00:00:00.000Z,USD,S4TESTER,C
347,CBMO,1710,17100001,318.15,2016-09-20T00:00:00.000Z,USD,CB9980000072,C
348,OR,1710,USCU-CUS07,22750,2016-09-20T00:00:00.000Z,USD,CB9980000065,C
349,OR,1710,USCU-CUS07,34000,2016-09-21T00:00:00.000Z,USD,CB9980000027,C
354,OR,1710,17100001,17.55,2016-09-22T00:00:00.000Z,USD,CB9980000065,C
355,OR,1710,17100001,0,2016-09-22T00:00:00.000Z,USD,CB9980000065,C
357,OR,1710,17100001,0,2016-09-22T00:00:00.000Z,USD,CB9980000065,C
358,OR,1710,17100001,17.55,2016-09-22T00:00:00.000Z,USD,CB9980000065,C
361,CBMO,1710,17100001,318.15,2016-09-23T00:00:00.000Z,USD,CB9980000072,B
363,OR,1710,USCU-CUS07,34000,2016-09-27T00:00:00.000Z,USD,CB9980000065,C
364,OR,1710,USCU-CUS07,34000,2016-09-27T00:00:00.000Z,USD,CB9980000065,C
365,OR,1710,USCU-CUS07,34000,2016-09-27T00:00:00.000Z,USD,CB9980000065,C
368,OR,1710,USCU-CUS07,34000,2016-09-28T00:00:00.000Z,USD,CB9980000065,C
371,OR,1710,USCU_L01,1760,2016-10-04T00:00:00.000Z,USD,S4TESTER,C
372,OR,1710,USCU_L03,1002,2016-10-04T00:00:00.000Z,USD,S4TESTER,C
373,OR,1710,USCU_L07,2667,2016-10-04T00:00:00.000Z,USD,S4TESTER,C
374,OR,1710,USCU_L09,7935,2016-10-04T00:00:00.000Z,USD,S4TESTER,C
375,OR,1710,USCU_L07,3892,2016-10-04T00:00:00.000Z,USD,S4TESTER,C
376,OR,1710,USCU_L02,1130,2016-10-04T00:00:00.000Z,USD,S4TESTER,C
377,OR,1710,USCU_L03,15908,2016-10-04T00:00:00.000Z,USD,S4TESTER,C
378,OR,1710,USCU_L06,7741,2016-10-04T00:00:00.000Z,USD,S4TESTER,C
379,OR,1710,USCU_L09,2025,2016-10-04T00:00:00.000Z,USD,S4TESTER,C
380,OR,1710,USCU_S16,1540,2016-10-04T00:00:00.000Z,USD,S4TESTER,C
381,OR,1710,USCU_L10,960,2016-10-04T00:00:00.000Z,USD,S4TESTER,C
382,OR,1710,USCU_S07,960,2016-10-04T00:00:00.000Z,USD,S4TESTER,C
383,OR,1710,USCU_L03,3892,2016-10-04T00:00:00.000Z,USD,S4TESTER,C
384,OR,1710,USCU_L09,7741,2016-10-04T00:00:00.000Z,USD,S4TESTER,C
385,OR,1710,USCU_L10,13510,2016-10-04T00:00:00.000Z,USD,S4TESTER,C
386,OR,1710,USCU_L02,4060,2016-10-04T00:00:00.000Z,USD,S4TESTER,C
387,OR,1710,USCU_S03,2450,2016-10-04T00:00:00.000Z,USD,S4TESTER,C
388,OR,1710,USCU_S09,3850,2016-10-04T00:00:00.000Z,USD,S4TESTER,C
389,OR,1710,USCU_L05,23240,2016-10-04T00:00:00.000Z,USD,S4TESTER,C
390,OR,1710,USCU_S16,1800,2016-10-04T00:00:00.000Z,USD,S4TESTER,C
391,OR,1710,USCU_L07,9720,2016-10-04T00:00:00.000Z,USD,S4TESTER,C
392,OR,1710,USCU_S03,12000,2016-10-04T00:00:00.000Z,USD,S4TESTER,C
393,OR,1710,USCU_S10,3480,2016-10-04T00:00:00.000Z,USD,S4TESTER,C
394,OR,1710,USCU_L01,8400,2016-10-04T00:00:00.000Z,USD,S4TESTER,C
395,OR,1710,USCU_S07,107916,2016-10-04T00:00:00.000Z,USD,S4TESTER,C
396,OR,1710,USCU_L01,19044,2016-10-04T00:00:00.000Z,USD,S4TESTER,C
397,OR,1710,USCU_S16,41262,2016-10-04T00:00:00.000Z,USD,S4TESTER,C
398,OR,1710,USCU_L04,17457,2016-10-04T00:00:00.000Z,USD,S4TESTER,C
399,OR,1710,USCU_L09,2720,2016-10-04T00:00:00.000Z,USD,S4TESTER,C
400,OR,1710,USCU_S02,120612,2016-10-04T00:00:00.000Z,USD,S4TESTER,C
401,OR,1710,USCU_L03,2880,2016-10-04T00:00:00.000Z,USD,S4TESTER,C
402,OR,1710,USCU_S15,1440,2016-10-04T00:00:00.000Z,USD,S4TESTER,C
403,OR,1710,USCU_L05,21120,2016-10-04T00:00:00.000Z,USD,S4TESTER,C
404,OR,1710,USCU_S04,1440,2016-10-04T00:00:00.000Z,USD,S4TESTER,C
405,OR,1710,USCU_L10,9018,2016-10-04T00:00:00.000Z,USD,S4TESTER,C
406,OR,1710,USCU_S16,60120,2016-10-04T00:00:00.000Z,USD,S4TESTER,C
407,OR,1710,USCU_L09,14960,2016-10-04T00:00:00.000Z,USD,S4TESTER,C
408,OR,1710,USCU_S03,8016,2016-10-04T00:00:00.000Z,USD,S4TESTER,C
409,OR,1710,USCU_S12,15030,2016-10-04T00:00:00.000Z,USD,S4TESTER,C
410,OR,1710,USCU_L08,5010,2016-10-04T00:00:00.000Z,USD,S4TESTER,C
411,OR,1710,USCU_S15,3520,2016-10-04T00:00:00.000Z,USD,S4TESTER,C
412,OR,1710,USCU_S09,2640,2016-10-04T00:00:00.000Z,USD,S4TESTER,C
413,OR,1710,USCU_S02,6600,2016-10-04T00:00:00.000Z,USD,S4TESTER,C
414,OR,1710,USCU_L07,7920,2016-10-04T00:00:00.000Z,USD,S4TESTER,C
415,OR,1710,USCU_S07,14175,2016-10-04T00:00:00.000Z,USD,S4TESTER,C
416,OR,1710,USCU_S05,16875,2016-10-04T00:00:00.000Z,USD,S4TESTER,C
417,OR,1710,USCU_L03,4725,2016-10-04T00:00:00.000Z,USD,S4TESTER,C
418,OR,1710,USCU_L05,4050,2016-10-04T00:00:00.000Z,USD,S4TESTER,C
419,OR,1710,USCU_S14,28350,2016-10-04T00:00:00.000Z,USD,S4TESTER,C
420,OR,1710,USCU_L10,6223,2016-10-04T00:00:00.000Z,USD,S4TESTER,C
421,OR,1710,USCU_S17,3556,2016-10-04T00:00:00.000Z,USD,S4TESTER,C
422,OR,1710,USCU_S12,8890,2016-10-04T00:00:00.000Z,USD,S4TESTER,C
423,OR,1710,USCU_S06,13335,2016-10-04T00:00:00.000Z,USD,S4TESTER,C
424,OR,1710,USCU_L02,9779,2016-10-04T00:00:00.000Z,USD,S4TESTER,C
425,OR,1710,USCU_S17,15908,2016-10-04T00:00:00.000Z,USD,S4TESTER,C
426,OR,1710,USCU_L06,51701,2016-10-04T00:00:00.000Z,USD,S4TESTER,C
427,OR,1710,USCU_L09,8475,2016-10-04T00:00:00.000Z,USD,S4TESTER,C
428,OR,1710,USCU_S05,111356,2016-10-04T00:00:00.000Z,USD,S4TESTER,C
429,OR,1710,USCU_S17,1130,2016-10-04T00:00:00.000Z,USD,S4TESTER,C
430,OR,1710,USCU_S13,107379,2016-10-04T00:00:00.000Z,USD,S4TESTER,C
431,OR,1710,USCU_S11,4520,2016-10-04T00:00:00.000Z,USD,S4TESTER,C
432,OR,1710,USCU_S05,3955,2016-10-04T00:00:00.000Z,USD,S4TESTER,C
433,OR,1710,USCU_L07,32770,2016-10-04T00:00:00.000Z,USD,S4TESTER,C
434,OR,1710,USCU_S13,11676,2016-10-04T00:00:00.000Z,USD,S4TESTER,C
435,OR,1710,USCU_S14,7784,2016-10-04T00:00:00.000Z,USD,S4TESTER,C
436,OR,1710,USCU_S04,97300,2016-10-04T00:00:00.000Z,USD,S4TESTER,C
437,OR,1710,USCU_S12,294158,2016-10-04T00:00:00.000Z,USD,S4TESTER,C
438,OR,1710,USCU_S15,185784,2016-10-04T00:00:00.000Z,USD,S4TESTER,C
439,OR,1710,USCU_S02,263194,2016-10-04T00:00:00.000Z,USD,S4TESTER,C
440,OR,1710,USCU_L02,160,2016-10-05T00:00:00.000Z,USD,S4TESTER,C
441,OR,1710,USCU_L04,3892,2016-10-05T00:00:00.000Z,USD,S4TESTER,C
442,OR,1710,USCU_L03,3977,2016-10-05T00:00:00.000Z,USD,S4TESTER,C
443,OR,1710,USCU_L02,889,2016-10-05T00:00:00.000Z,USD,S4TESTER,C
444,OR,1710,USCU_L09,8890,2016-10-05T00:00:00.000Z,USD,S4TESTER,C
445,OR,1710,USCU_L02,4270,2016-10-05T00:00:00.000Z,USD,S4TESTER,C
446,OR,1710,USCU_S13,5250,2016-10-05T00:00:00.000Z,USD,S4TESTER,C
447,OR,1710,USCU_S04,1750,2016-10-05T00:00:00.000Z,USD,S4TESTER,C
448,OR,1710,USCU_L08,3640,2016-10-05T00:00:00.000Z,USD,S4TESTER,C
449,OR,1710,USCU_L09,8160,2016-10-05T00:00:00.000Z,USD,S4TESTER,C
450,OR,1710,USCU_S16,7280,2016-10-05T00:00:00.000Z,USD,S4TESTER,C
451,OR,1710,USCU_S14,1800,2016-10-05T00:00:00.000Z,USD,S4TESTER,C
452,OR,1710,USCU_S13,720,2016-10-05T00:00:00.000Z,USD,S4TESTER,C
453,OR,1710,USCU_L04,14400,2016-10-05T00:00:00.000Z,USD,S4TESTER,C
454,OR,1710,USCU_S04,15120,2016-10-05T00:00:00.000Z,USD,S4TESTER,C
455,OR,1710,USCU_L02,27840,2016-10-05T00:00:00.000Z,USD,S4TESTER,C
456,OR,1710,USCU_L10,22218,2016-10-05T00:00:00.000Z,USD,S4TESTER,C
457,OR,1710,USCU_L03,12696,2016-10-05T00:00:00.000Z,USD,S4TESTER,C
458,OR,1710,USCU_S16,9522,2016-10-05T00:00:00.000Z,USD,S4TESTER,C
459,OR,1710,USCU_L05,14283,2016-10-05T00:00:00.000Z,USD,S4TESTER,C
460,OR,1710,USCU_L09,7040,2016-10-05T00:00:00.000Z,USD,S4TESTER,C
461,OR,1710,USCU_S12,123786,2016-10-05T00:00:00.000Z,USD,S4TESTER,C
462,OR,1710,USCU_S06,263442,2016-10-05T00:00:00.000Z,USD,S4TESTER,C
463,OR,1710,USCU_S16,960,2016-10-05T00:00:00.000Z,USD,S4TESTER,C
464,OR,1710,USCU_L06,10240,2016-10-05T00:00:00.000Z,USD,S4TESTER,C
465,OR,1710,USCU_S05,4480,2016-10-05T00:00:00.000Z,USD,S4TESTER,C
466,OR,1710,USCU_L10,11022,2016-10-05T00:00:00.000Z,USD,S4TESTER,C
467,OR,1710,USCU_S11,2080,2016-10-05T00:00:00.000Z,USD,S4TESTER,C
468,OR,1710,USCU_L02,20040,2016-10-05T00:00:00.000Z,USD,S4TESTER,C
469,OR,1710,USCU_S14,73146,2016-10-05T00:00:00.000Z,USD,S4TESTER,C
470,OR,1710,USCU_L06,4008,2016-10-05T00:00:00.000Z,USD,S4TESTER,C
471,OR,1710,USCU_S13,113226,2016-10-05T00:00:00.000Z,USD,S4TESTER,C
472,OR,1710,USCU_S06,91182,2016-10-05T00:00:00.000Z,USD,S4TESTER,C
473,OR,1710,USCU_L09,18040,2016-10-05T00:00:00.000Z,USD,S4TESTER,C
474,OR,1710,USCU_S15,1320,2016-10-05T00:00:00.000Z,USD,S4TESTER,C
475,OR,1710,USCU_S12,5720,2016-10-05T00:00:00.000Z,USD,S4TESTER,C
476,OR,1710,USCU_L02,3080,2016-10-05T00:00:00.000Z,USD,S4TESTER,C
477,OR,1710,USCU_S04,3080,2016-10-05T00:00:00.000Z,USD,S4TESTER,C
478,OR,1710,USCU_L10,6075,2016-10-05T00:00:00.000Z,USD,S4TESTER,C
479,OR,1710,USCU_L05,22880,2016-10-05T00:00:00.000Z,USD,S4TESTER,C
480,OR,1710,USCU_L03,5400,2016-10-05T00:00:00.000Z,USD,S4TESTER,C
481,OR,1710,USCU_L07,1350,2016-10-05T00:00:00.000Z,USD,S4TESTER,C
482,OR,1710,USCU_S13,20925,2016-10-05T00:00:00.000Z,USD,S4TESTER,C
483,OR,1710,USCU_L09,32004,2016-10-05T00:00:00.000Z,USD,S4TESTER,C
484,OR,1710,USCU_S17,27000,2016-10-05T00:00:00.000Z,USD,S4TESTER,C
485,OR,1710,USCU_S03,43875,2016-10-05T00:00:00.000Z,USD,S4TESTER,C
486,OR,1710,USCU_S03,4445,2016-10-05T00:00:00.000Z,USD,S4TESTER,C
487,OR,1710,USCU_S14,3556,2016-10-05T00:00:00.000Z,USD,S4TESTER,C
488,OR,1710,USCU_L04,11931,2016-10-05T00:00:00.000Z,USD,S4TESTER,C
489,OR,1710,USCU_S13,15113,2016-10-05T00:00:00.000Z,USD,S4TESTER,C
490,OR,1710,USCU_L10,35793,2016-10-05T00:00:00.000Z,USD,S4TESTER,C
491,OR,1710,USCU_S06,75563,2016-10-05T00:00:00.000Z,USD,S4TESTER,C
492,OR,1710,USCU_S14,1695,2016-10-05T00:00:00.000Z,USD,S4TESTER,C
493,OR,1710,USCU_S16,163057,2016-10-05T00:00:00.000Z,USD,S4TESTER,C
494,OR,1710,USCU_L09,1130,2016-10-05T00:00:00.000Z,USD,S4TESTER,C
495,OR,1710,USCU_S07,127264,2016-10-05T00:00:00.000Z,USD,S4TESTER,C
496,OR,1710,USCU_S04,6215,2016-10-05T00:00:00.000Z,USD,S4TESTER,C
497,OR,1710,USCU_L01,3955,2016-10-05T00:00:00.000Z,USD,S4TESTER,C
498,OR,1710,USCU_S12,10170,2016-10-05T00:00:00.000Z,USD,S4TESTER,C
499,OR,1710,USCU_L04,17515,2016-10-05T00:00:00.000Z,USD,S4TESTER,C
500,OR,1710,USCU_S17,50596,2016-10-05T00:00:00.000Z,USD,S4TESTER,C
501,OR,1710,USCU_L02,11676,2016-10-05T00:00:00.000Z,USD,S4TESTER,C
502,OR,1710,USCU_S04,108976,2016-10-05T00:00:00.000Z,USD,S4TESTER,C
503,OR,1710,USCU_S17,309640,2016-10-05T00:00:00.000Z,USD,S4TESTER,C
504,OR,1710,USCU_S04,255453,2016-10-05T00:00:00.000Z,USD,S4TESTER,C
505,OR,1710,USCU_S10,201266,2016-10-05T00:00:00.000Z,USD,S4TESTER,C
506,OR,1710,USCU_S02,3892,2016-10-06T00:00:00.000Z,USD,S4TESTER,C
507,OR,1710,USCU_L03,7741,2016-10-06T00:00:00.000Z,USD,S4TESTER,C
508,OR,1710,USCU_S07,675,2016-10-06T00:00:00.000Z,USD,S4TESTER,C
509,OR,1710,USCU_L09,7741,2016-10-06T00:00:00.000Z,USD,S4TESTER,C
510,OR,1710,USCU_L10,11130,2016-10-06T00:00:00.000Z,USD,S4TESTER,C
511,OR,1710,USCU_L02,7280,2016-10-06T00:00:00.000Z,USD,S4TESTER,C
512,OR,1710,USCU_S14,2450,2016-10-06T00:00:00.000Z,USD,S4TESTER,C
513,OR,1710,USCU_L04,7910,2016-10-06T00:00:00.000Z,USD,S4TESTER,C
514,OR,1710,USCU_S02,4760,2016-10-06T00:00:00.000Z,USD,S4TESTER,C
515,OR,1710,USCU_S07,5320,2016-10-06T00:00:00.000Z,USD,S4TESTER,C
516,OR,1710,USCU_L10,5160,2016-10-06T00:00:00.000Z,USD,S4TESTER,C
517,OR,1710,USCU_S09,360,2016-10-06T00:00:00.000Z,USD,S4TESTER,C
518,OR,1710,USCU_S01,3240,2016-10-06T00:00:00.000Z,USD,S4TESTER,C
519,OR,1710,USCU_S16,1440,2016-10-06T00:00:00.000Z,USD,S4TESTER,C
520,OR,1710,USCU_L01,24600,2016-10-06T00:00:00.000Z,USD,S4TESTER,C
521,OR,1710,USCU_L09,4761,2016-10-06T00:00:00.000Z,USD,S4TESTER,C
522,OR,1710,USCU_L04,16320,2016-10-06T00:00:00.000Z,USD,S4TESTER,C
523,OR,1710,USCU_S16,98394,2016-10-06T00:00:00.000Z,USD,S4TESTER,C
524,OR,1710,USCU_S12,6348,2016-10-06T00:00:00.000Z,USD,S4TESTER,C
525,OR,1710,USCU_L04,11109,2016-10-06T00:00:00.000Z,USD,S4TESTER,C
526,OR,1710,USCU_L01,36501,2016-10-06T00:00:00.000Z,USD,S4TESTER,C
527,OR,1710,USCU_L10,9120,2016-10-06T00:00:00.000Z,USD,S4TESTER,C
528,OR,1710,USCU_S01,136482,2016-10-06T00:00:00.000Z,USD,S4TESTER,C
529,OR,1710,USCU_S16,1440,2016-10-06T00:00:00.000Z,USD,S4TESTER,C
530,OR,1710,USCU_L08,5760,2016-10-06T00:00:00.000Z,USD,S4TESTER,C
531,OR,1710,USCU_L02,9600,2016-10-06T00:00:00.000Z,USD,S4TESTER,C
532,OR,1710,USCU_S07,960,2016-10-06T00:00:00.000Z,USD,S4TESTER,C
533,OR,1710,USCU_S02,1280,2016-10-06T00:00:00.000Z,USD,S4TESTER,C
534,OR,1710,USCU_L09,9018,2016-10-06T00:00:00.000Z,USD,S4TESTER,C
535,OR,1710,USCU_S02,103206,2016-10-06T00:00:00.000Z,USD,S4TESTER,C
536,OR,1710,USCU_L03,9018,2016-10-06T00:00:00.000Z,USD,S4TESTER,C
537,OR,1710,USCU_S16,92184,2016-10-06T00:00:00.000Z,USD,S4TESTER,C
538,OR,1710,USCU_L07,8016,2016-10-06T00:00:00.000Z,USD,S4TESTER,C
539,OR,1710,USCU_S11,89178,2016-10-06T00:00:00.000Z,USD,S4TESTER,C
540,OR,1710,USCU_L09,14520,2016-10-06T00:00:00.000Z,USD,S4TESTER,C
541,OR,1710,USCU_S03,5720,2016-10-06T00:00:00.000Z,USD,S4TESTER,C
542,OR,1710,USCU_L02,3520,2016-10-06T00:00:00.000Z,USD,S4TESTER,C
543,OR,1710,USCU_S13,7480,2016-10-06T00:00:00.000Z,USD,S4TESTER,C
544,OR,1710,USCU_S14,3080,2016-10-06T00:00:00.000Z,USD,S4TESTER,C
545,OR,1710,USCU_L09,2025,2016-10-06T00:00:00.000Z,USD,S4TESTER,C
546,OR,1710,USCU_L05,15400,2016-10-06T00:00:00.000Z,USD,S4TESTER,C
547,OR,1710,USCU_L03,2700,2016-10-06T00:00:00.000Z,USD,S4TESTER,C
548,OR,1710,USCU_S02,14850,2016-10-06T00:00:00.000Z,USD,S4TESTER,C
549,OR,1710,USCU_S17,2025,2016-10-06T00:00:00.000Z,USD,S4TESTER,C
550,OR,1710,USCU_L06,5400,2016-10-06T00:00:00.000Z,USD,S4TESTER,C
551,OR,1710,USCU_L09,22225,2016-10-06T00:00:00.000Z,USD,S4TESTER,C
552,OR,1710,USCU_L01,12446,2016-10-06T00:00:00.000Z,USD,S4TESTER,C
553,OR,1710,USCU_S01,1778,2016-10-06T00:00:00.000Z,USD,S4TESTER,C
554,OR,1710,USCU_L06,4445,2016-10-06T00:00:00.000Z,USD,S4TESTER,C
555,OR,1710,USCU_S13,14224,2016-10-06T00:00:00.000Z,USD,S4TESTER,C
556,OR,1710,USCU_S14,4445,2016-10-06T00:00:00.000Z,USD,S4TESTER,C
557,OR,1710,USCU_L01,19885,2016-10-06T00:00:00.000Z,USD,S4TESTER,C
558,OR,1710,USCU_S15,35793,2016-10-06T00:00:00.000Z,USD,S4TESTER,C
559,OR,1710,USCU_L04,51701,2016-10-06T00:00:00.000Z,USD,S4TESTER,C
560,OR,1710,USCU_S09,27839,2016-10-06T00:00:00.000Z,USD,S4TESTER,C
561,OR,1710,USCU_L09,2260,2016-10-06T00:00:00.000Z,USD,S4TESTER,C
562,OR,1710,USCU_S05,123287,2016-10-06T00:00:00.000Z,USD,S4TESTER,C
563,OR,1710,USCU_S15,3390,2016-10-06T00:00:00.000Z,USD,S4TESTER,C
564,OR,1710,USCU_S07,8475,2016-10-06T00:00:00.000Z,USD,S4TESTER,C
565,OR,1710,USCU_L03,7910,2016-10-06T00:00:00.000Z,USD,S4TESTER,C
566,OR,1710,USCU_S06,3955,2016-10-06T00:00:00.000Z,USD,S4TESTER,C
567,OR,1710,USCU_L07,23165,2016-10-06T00:00:00.000Z,USD,S4TESTER,C
568,OR,1710,USCU_L05,7784,2016-10-06T00:00:00.000Z,USD,S4TESTER,C
569,OR,1710,USCU_S07,54488,2016-10-06T00:00:00.000Z,USD,S4TESTER,C
570,OR,1710,USCU_S16,27244,2016-10-06T00:00:00.000Z,USD,S4TESTER,C
571,OR,1710,USCU_S09,255453,2016-10-06T00:00:00.000Z,USD,S4TESTER,C
572,OR,1710,USCU_S03,139338,2016-10-06T00:00:00.000Z,USD,S4TESTER,C
573,OR,1710,USCU_S17,387050,2016-10-06T00:00:00.000Z,USD,S4TESTER,C
574,OR,1710,USCU_L09,7741,2016-10-07T00:00:00.000Z,USD,S4TESTER,C
575,OR,1710,USCU_L05,3892,2016-10-07T00:00:00.000Z,USD,S4TESTER,C
576,OR,1710,USCU_S17,889,2016-10-07T00:00:00.000Z,USD,S4TESTER,C
577,OR,1710,USCU_L10,3640,2016-10-07T00:00:00.000Z,USD,S4TESTER,C
578,OR,1710,USCU_S03,4340,2016-10-07T00:00:00.000Z,USD,S4TESTER,C
579,OR,1710,USCU_S16,5180,2016-10-07T00:00:00.000Z,USD,S4TESTER,C
580,OR,1710,USCU_L09,4920,2016-10-07T00:00:00.000Z,USD,S4TESTER,C
581,OR,1710,USCU_L01,12950,2016-10-07T00:00:00.000Z,USD,S4TESTER,C
582,OR,1710,USCU_L05,22400,2016-10-07T00:00:00.000Z,USD,S4TESTER,C
583,OR,1710,USCU_S13,8540,2016-10-07T00:00:00.000Z,USD,S4TESTER,C
584,OR,1710,USCU_L05,5880,2016-10-07T00:00:00.000Z,USD,S4TESTER,C
585,OR,1710,USCU_S15,1200,2016-10-07T00:00:00.000Z,USD,S4TESTER,C
586,OR,1710,USCU_S08,2160,2016-10-07T00:00:00.000Z,USD,S4TESTER,C
587,OR,1710,USCU_L01,11640,2016-10-07T00:00:00.000Z,USD,S4TESTER,C
588,OR,1710,USCU_S01,14400,2016-10-07T00:00:00.000Z,USD,S4TESTER,C
589,OR,1710,USCU_L03,26979,2016-10-07T00:00:00.000Z,USD,S4TESTER,C
590,OR,1710,USCU_L10,31740,2016-10-07T00:00:00.000Z,USD,S4TESTER,C
591,OR,1710,USCU_S01,9522,2016-10-07T00:00:00.000Z,USD,S4TESTER,C
592,OR,1710,USCU_S15,77763,2016-10-07T00:00:00.000Z,USD,S4TESTER,C
593,OR,1710,USCU_L07,3174,2016-10-07T00:00:00.000Z,USD,S4TESTER,C
594,OR,1710,USCU_S07,95220,2016-10-07T00:00:00.000Z,USD,S4TESTER,C
595,OR,1710,USCU_L01,2560,2016-10-07T00:00:00.000Z,USD,S4TESTER,C
596,OR,1710,USCU_L10,1600,2016-10-07T00:00:00.000Z,USD,S4TESTER,C
597,OR,1710,USCU_L05,3680,2016-10-07T00:00:00.000Z,USD,S4TESTER,C
598,OR,1710,USCU_S14,1440,2016-10-07T00:00:00.000Z,USD,S4TESTER,C
599,OR,1710,USCU_S10,2720,2016-10-07T00:00:00.000Z,USD,S4TESTER,C
600,OR,1710,USCU_S04,4480,2016-10-07T00:00:00.000Z,USD,S4TESTER,C
601,OR,1710,USCU_L02,25050,2016-10-07T00:00:00.000Z,USD,S4TESTER,C
602,OR,1710,USCU_L09,3006,2016-10-07T00:00:00.000Z,USD,S4TESTER,C
603,OR,1710,USCU_S16,61122,2016-10-07T00:00:00.000Z,USD,S4TESTER,C
604,OR,1710,USCU_S02,48096,2016-10-07T00:00:00.000Z,USD,S4TESTER,C
605,OR,1710,USCU_L09,14960,2016-10-07T00:00:00.000Z,USD,S4TESTER,C
606,OR,1710,USCU_S07,47094,2016-10-07T00:00:00.000Z,USD,S4TESTER,C
607,OR,1710,USCU_L08,10020,2016-10-07T00:00:00.000Z,USD,S4TESTER,C
608,OR,1710,USCU_S17,5720,2016-10-07T00:00:00.000Z,USD,S4TESTER,C
609,OR,1710,USCU_S01,3520,2016-10-07T00:00:00.000Z,USD,S4TESTER,C
610,OR,1710,USCU_S13,5720,2016-10-07T00:00:00.000Z,USD,S4TESTER,C
611,OR,1710,USCU_L01,2200,2016-10-07T00:00:00.000Z,USD,S4TESTER,C
612,OR,1710,USCU_L09,3375,2016-10-07T00:00:00.000Z,USD,S4TESTER,C
613,OR,1710,USCU_L04,22000,2016-10-07T00:00:00.000Z,USD,S4TESTER,C
614,OR,1710,USCU_L02,4050,2016-10-07T00:00:00.000Z,USD,S4TESTER,C
615,OR,1710,USCU_L06,2700,2016-10-07T00:00:00.000Z,USD,S4TESTER,C
616,OR,1710,USCU_L10,29337,2016-10-07T00:00:00.000Z,USD,S4TESTER,C
617,OR,1710,USCU_S17,28350,2016-10-07T00:00:00.000Z,USD,S4TESTER,C
618,OR,1710,USCU_S04,33750,2016-10-07T00:00:00.000Z,USD,S4TESTER,C
619,OR,1710,USCU_S10,29025,2016-10-07T00:00:00.000Z,USD,S4TESTER,C
620,OR,1710,USCU_S10,8001,2016-10-07T00:00:00.000Z,USD,S4TESTER,C
621,OR,1710,USCU_L03,9779,2016-10-07T00:00:00.000Z,USD,S4TESTER,C
622,OR,1710,USCU_S05,14224,2016-10-07T00:00:00.000Z,USD,S4TESTER,C
623,OR,1710,USCU_L05,11931,2016-10-07T00:00:00.000Z,USD,S4TESTER,C
624,OR,1710,USCU_L07,19558,2016-10-07T00:00:00.000Z,USD,S4TESTER,C
625,OR,1710,USCU_L09,39770,2016-10-07T00:00:00.000Z,USD,S4TESTER,C
626,OR,1710,USCU_S07,35793,2016-10-07T00:00:00.000Z,USD,S4TESTER,C
627,OR,1710,USCU_S01,79540,2016-10-07T00:00:00.000Z,USD,S4TESTER,C
628,OR,1710,USCU_S14,1695,2016-10-07T00:00:00.000Z,USD,S4TESTER,C
629,OR,1710,USCU_L10,16950,2016-10-07T00:00:00.000Z,USD,S4TESTER,C
630,OR,1710,USCU_S15,167034,2016-10-07T00:00:00.000Z,USD,S4TESTER,C
631,OR,1710,USCU_S10,9605,2016-10-07T00:00:00.000Z,USD,S4TESTER,C
632,OR,1710,USCU_L03,7910,2016-10-07T00:00:00.000Z,USD,S4TESTER,C
633,OR,1710,USCU_S02,4520,2016-10-07T00:00:00.000Z,USD,S4TESTER,C
634,OR,1710,USCU_L05,18645,2016-10-07T00:00:00.000Z,USD,S4TESTER,C
635,OR,1710,USCU_S07,50596,2016-10-07T00:00:00.000Z,USD,S4TESTER,C
636,OR,1710,USCU_S17,11676,2016-10-07T00:00:00.000Z,USD,S4TESTER,C
637,OR,1710,USCU_S02,54187,2016-10-07T00:00:00.000Z,USD,S4TESTER,C
638,OR,1710,USCU_L06,15482,2016-10-07T00:00:00.000Z,USD,S4TESTER,C
639,OR,1710,USCU_S14,224489,2016-10-07T00:00:00.000Z,USD,S4TESTER,C
640,OR,1710,USCU_S07,123856,2016-10-07T00:00:00.000Z,USD,S4TESTER,C
641,OR,1710,USCU_S17,160,2016-10-08T00:00:00.000Z,USD,S4TESTER,C
642,OR,1710,USCU_L09,7741,2016-10-08T00:00:00.000Z,USD,S4TESTER,C
643,OR,1710,USCU_L03,3892,2016-10-08T00:00:00.000Z,USD,S4TESTER,C
644,OR,1710,USCU_L02,440,2016-10-08T00:00:00.000Z,USD,S4TESTER,C
645,OR,1710,USCU_L10,10010,2016-10-08T00:00:00.000Z,USD,S4TESTER,C
646,OR,1710,USCU_L02,14280,2016-10-08T00:00:00.000Z,USD,S4TESTER,C
647,OR,1710,USCU_S15,5670,2016-10-08T00:00:00.000Z,USD,S4TESTER,C
648,OR,1710,USCU_S10,490,2016-10-08T00:00:00.000Z,USD,S4TESTER,C
649,OR,1710,USCU_S06,3850,2016-10-08T00:00:00.000Z,USD,S4TESTER,C
650,OR,1710,USCU_L06,5880,2016-10-08T00:00:00.000Z,USD,S4TESTER,C
651,OR,1710,USCU_L10,3240,2016-10-08T00:00:00.000Z,USD,S4TESTER,C
652,OR,1710,USCU_S15,1440,2016-10-08T00:00:00.000Z,USD,S4TESTER,C
653,OR,1710,USCU_S07,600,2016-10-08T00:00:00.000Z,USD,S4TESTER,C
654,OR,1710,USCU_L09,36501,2016-10-08T00:00:00.000Z,USD,S4TESTER,C
655,OR,1710,USCU_L06,10200,2016-10-08T00:00:00.000Z,USD,S4TESTER,C
656,OR,1710,USCU_L03,11040,2016-10-08T00:00:00.000Z,USD,S4TESTER,C
657,OR,1710,USCU_S02,12840,2016-10-08T00:00:00.000Z,USD,S4TESTER,C
658,OR,1710,USCU_S11,60306,2016-10-08T00:00:00.000Z,USD,S4TESTER,C
659,OR,1710,USCU_L02,30153,2016-10-08T00:00:00.000Z,USD,S4TESTER,C
660,OR,1710,USCU_L05,4761,2016-10-08T00:00:00.000Z,USD,S4TESTER,C
661,OR,1710,USCU_S01,192027,2016-10-08T00:00:00.000Z,USD,S4TESTER,C
662,OR,1710,USCU_L09,4800,2016-10-08T00:00:00.000Z,USD,S4TESTER,C
663,OR,1710,USCU_S15,165048,2016-10-08T00:00:00.000Z,USD,S4TESTER,C
664,OR,1710,USCU_L03,10240,2016-10-08T00:00:00.000Z,USD,S4TESTER,C
665,OR,1710,USCU_L08,13600,2016-10-08T00:00:00.000Z,USD,S4TESTER,C
666,OR,1710,USCU_L10,7014,2016-10-08T00:00:00.000Z,USD,S4TESTER,C
667,OR,1710,USCU_S11,320,2016-10-08T00:00:00.000Z,USD,S4TESTER,C
668,OR,1710,USCU_S04,960,2016-10-08T00:00:00.000Z,USD,S4TESTER,C
669,OR,1710,USCU_L02,28056,2016-10-08T00:00:00.000Z,USD,S4TESTER,C
670,OR,1710,USCU_L07,4008,2016-10-08T00:00:00.000Z,USD,S4TESTER,C
671,OR,1710,USCU_S14,95190,2016-10-08T00:00:00.000Z,USD,S4TESTER,C
672,OR,1710,USCU_S06,87174,2016-10-08T00:00:00.000Z,USD,S4TESTER,C
673,OR,1710,USCU_S13,104208,2016-10-08T00:00:00.000Z,USD,S4TESTER,C
674,OR,1710,USCU_L09,1320,2016-10-08T00:00:00.000Z,USD,S4TESTER,C
675,OR,1710,USCU_L04,1760,2016-10-08T00:00:00.000Z,USD,S4TESTER,C
676,OR,1710,USCU_S11,4840,2016-10-08T00:00:00.000Z,USD,S4TESTER,C
677,OR,1710,USCU_S14,2640,2016-10-08T00:00:00.000Z,USD,S4TESTER,C
678,OR,1710,USCU_S03,2200,2016-10-08T00:00:00.000Z,USD,S4TESTER,C
679,OR,1710,USCU_L09,8100,2016-10-08T00:00:00.000Z,USD,S4TESTER,C
680,OR,1710,USCU_L01,3375,2016-10-08T00:00:00.000Z,USD,S4TESTER,C
681,OR,1710,USCU_S15,4050,2016-10-08T00:00:00.000Z,USD,S4TESTER,C
682,OR,1710,USCU_L05,2700,2016-10-08T00:00:00.000Z,USD,S4TESTER,C
683,OR,1710,USCU_S07,18225,2016-10-08T00:00:00.000Z,USD,S4TESTER,C
684,OR,1710,USCU_L09,8001,2016-10-08T00:00:00.000Z,USD,S4TESTER,C
685,OR,1710,USCU_S04,56025,2016-10-08T00:00:00.000Z,USD,S4TESTER,C
686,OR,1710,USCU_L02,5334,2016-10-08T00:00:00.000Z,USD,S4TESTER,C
687,OR,1710,USCU_S03,4445,2016-10-08T00:00:00.000Z,USD,S4TESTER,C
688,OR,1710,USCU_S13,5334,2016-10-08T00:00:00.000Z,USD,S4TESTER,C
689,OR,1710,USCU_S15,4445,2016-10-08T00:00:00.000Z,USD,S4TESTER,C
690,OR,1710,USCU_L05,7954,2016-10-08T00:00:00.000Z,USD,S4TESTER,C
691,OR,1710,USCU_L09,7954,2016-10-08T00:00:00.000Z,USD,S4TESTER,C
692,OR,1710,USCU_L07,16002,2016-10-08T00:00:00.000Z,USD,S4TESTER,C
693,OR,1710,USCU_S07,115333,2016-10-08T00:00:00.000Z,USD,S4TESTER,C
694,OR,1710,USCU_L10,16950,2016-10-08T00:00:00.000Z,USD,S4TESTER,C
695,OR,1710,USCU_S04,111356,2016-10-08T00:00:00.000Z,USD,S4TESTER,C
696,OR,1710,USCU_S14,155103,2016-10-08T00:00:00.000Z,USD,S4TESTER,C
697,OR,1710,USCU_S16,1130,2016-10-08T00:00:00.000Z,USD,S4TESTER,C
698,OR,1710,USCU_L02,9040,2016-10-08T00:00:00.000Z,USD,S4TESTER,C
699,OR,1710,USCU_S01,2825,2016-10-08T00:00:00.000Z,USD,S4TESTER,C
700,OR,1710,USCU_L07,14690,2016-10-08T00:00:00.000Z,USD,S4TESTER,C
701,OR,1710,USCU_S12,6215,2016-10-08T00:00:00.000Z,USD,S4TESTER,C
702,OR,1710,USCU_S17,46704,2016-10-08T00:00:00.000Z,USD,S4TESTER,C
703,OR,1710,USCU_L05,7784,2016-10-08T00:00:00.000Z,USD,S4TESTER,C
704,OR,1710,USCU_S11,7784,2016-10-08T00:00:00.000Z,USD,S4TESTER,C
705,OR,1710,USCU_S02,58380,2016-10-08T00:00:00.000Z,USD,S4TESTER,C
706,OR,1710,USCU_S14,340604,2016-10-08T00:00:00.000Z,USD,S4TESTER,C
707,OR,1710,USCU_S11,23223,2016-10-08T00:00:00.000Z,USD,S4TESTER,C
708,OR,1710,USCU_S06,46446,2016-10-08T00:00:00.000Z,USD,S4TESTER,C
709,OR,1710,USCU_L05,7741,2016-10-09T00:00:00.000Z,USD,S4TESTER,C
710,OR,1710,USCU_S17,3892,2016-10-09T00:00:00.000Z,USD,S4TESTER,C
711,OR,1710,USCU_L09,1002,2016-10-09T00:00:00.000Z,USD,S4TESTER,C
712,OR,1710,USCU_S04,160,2016-10-09T00:00:00.000Z,USD,S4TESTER,C
713,OR,1710,USCU_L09,7741,2016-10-09T00:00:00.000Z,USD,S4TESTER,C
714,OR,1710,USCU_L02,7741,2016-10-09T00:00:00.000Z,USD,S4TESTER,C
715,OR,1710,USCU_S14,840,2016-10-09T00:00:00.000Z,USD,S4TESTER,C
716,OR,1710,USCU_L09,980,2016-10-09T00:00:00.000Z,USD,S4TESTER,C
717,OR,1710,USCU_S02,1820,2016-10-09T00:00:00.000Z,USD,S4TESTER,C
718,OR,1710,USCU_S02,360,2016-10-09T00:00:00.000Z,USD,S4TESTER,C
719,OR,1710,USCU_S07,11760,2016-10-09T00:00:00.000Z,USD,S4TESTER,C
720,OR,1710,USCU_L01,19110,2016-10-09T00:00:00.000Z,USD,S4TESTER,C
721,OR,1710,USCU_L04,12250,2016-10-09T00:00:00.000Z,USD,S4TESTER,C
722,OR,1710,USCU_L09,4080,2016-10-09T00:00:00.000Z,USD,S4TESTER,C
723,OR,1710,USCU_S13,3600,2016-10-09T00:00:00.000Z,USD,S4TESTER,C
724,OR,1710,USCU_L06,4680,2016-10-09T00:00:00.000Z,USD,S4TESTER,C
725,OR,1710,USCU_S16,1920,2016-10-09T00:00:00.000Z,USD,S4TESTER,C
726,OR,1710,USCU_L10,30153,2016-10-09T00:00:00.000Z,USD,S4TESTER,C
727,OR,1710,USCU_L03,11109,2016-10-09T00:00:00.000Z,USD,S4TESTER,C
728,OR,1710,USCU_L02,26760,2016-10-09T00:00:00.000Z,USD,S4TESTER,C
729,OR,1710,USCU_L06,9522,2016-10-09T00:00:00.000Z,USD,S4TESTER,C
730,OR,1710,USCU_S12,69828,2016-10-09T00:00:00.000Z,USD,S4TESTER,C
731,OR,1710,USCU_S17,74589,2016-10-09T00:00:00.000Z,USD,S4TESTER,C
732,OR,1710,USCU_S06,298356,2016-10-09T00:00:00.000Z,USD,S4TESTER,C
733,OR,1710,USCU_L10,1600,2016-10-09T00:00:00.000Z,USD,S4TESTER,C
734,OR,1710,USCU_S14,640,2016-10-09T00:00:00.000Z,USD,S4TESTER,C
735,OR,1710,USCU_L03,5920,2016-10-09T00:00:00.000Z,USD,S4TESTER,C
736,OR,1710,USCU_S13,800,2016-10-09T00:00:00.000Z,USD,S4TESTER,C
737,OR,1710,USCU_L04,8000,2016-10-09T00:00:00.000Z,USD,S4TESTER,C
738,OR,1710,USCU_L07,7014,2016-10-09T00:00:00.000Z,USD,S4TESTER,C
739,OR,1710,USCU_S16,65130,2016-10-09T00:00:00.000Z,USD,S4TESTER,C
740,OR,1710,USCU_L03,4008,2016-10-09T00:00:00.000Z,USD,S4TESTER,C
741,OR,1710,USCU_S11,98196,2016-10-09T00:00:00.000Z,USD,S4TESTER,C
742,OR,1710,USCU_L10,880,2016-10-09T00:00:00.000Z,USD,S4TESTER,C
743,OR,1710,USCU_S03,72144,2016-10-09T00:00:00.000Z,USD,S4TESTER,C
744,OR,1710,USCU_S04,6600,2016-10-09T00:00:00.000Z,USD,S4TESTER,C
745,OR,1710,USCU_L02,1760,2016-10-09T00:00:00.000Z,USD,S4TESTER,C
746,OR,1710,USCU_S17,3080,2016-10-09T00:00:00.000Z,USD,S4TESTER,C
747,OR,1710,USCU_L06,17160,2016-10-09T00:00:00.000Z,USD,S4TESTER,C
748,OR,1710,USCU_L10,3375,2016-10-09T00:00:00.000Z,USD,S4TESTER,C
749,OR,1710,USCU_S12,9680,2016-10-09T00:00:00.000Z,USD,S4TESTER,C
750,OR,1710,USCU_L03,4725,2016-10-09T00:00:00.000Z,USD,S4TESTER,C
751,OR,1710,USCU_S03,12150,2016-10-09T00:00:00.000Z,USD,S4TESTER,C
752,OR,1710,USCU_L06,6075,2016-10-09T00:00:00.000Z,USD,S4TESTER,C
753,OR,1710,USCU_S07,2700,2016-10-09T00:00:00.000Z,USD,S4TESTER,C
754,OR,1710,USCU_S16,18900,2016-10-09T00:00:00.000Z,USD,S4TESTER,C
755,OR,1710,USCU_L09,18669,2016-10-09T00:00:00.000Z,USD,S4TESTER,C
756,OR,1710,USCU_L01,12446,2016-10-09T00:00:00.000Z,USD,S4TESTER,C
757,OR,1710,USCU_S04,3556,2016-10-09T00:00:00.000Z,USD,S4TESTER,C
758,OR,1710,USCU_S12,7112,2016-10-09T00:00:00.000Z,USD,S4TESTER,C
759,OR,1710,USCU_L03,7954,2016-10-09T00:00:00.000Z,USD,S4TESTER,C
760,OR,1710,USCU_L09,35793,2016-10-09T00:00:00.000Z,USD,S4TESTER,C
761,OR,1710,USCU_L05,33782,2016-10-09T00:00:00.000Z,USD,S4TESTER,C
762,OR,1710,USCU_S14,23862,2016-10-09T00:00:00.000Z,USD,S4TESTER,C
763,OR,1710,USCU_S06,75563,2016-10-09T00:00:00.000Z,USD,S4TESTER,C
764,OR,1710,USCU_S13,59655,2016-10-09T00:00:00.000Z,USD,S4TESTER,C
765,OR,1710,USCU_L08,55678,2016-10-09T00:00:00.000Z,USD,S4TESTER,C
766,OR,1710,USCU_L10,1695,2016-10-09T00:00:00.000Z,USD,S4TESTER,C
767,OR,1710,USCU_S03,7345,2016-10-09T00:00:00.000Z,USD,S4TESTER,C
768,OR,1710,USCU_L03,9605,2016-10-09T00:00:00.000Z,USD,S4TESTER,C
769,OR,1710,USCU_L07,25425,2016-10-09T00:00:00.000Z,USD,S4TESTER,C
770,OR,1710,USCU_S14,2825,2016-10-09T00:00:00.000Z,USD,S4TESTER,C
771,OR,1710,USCU_S10,6215,2016-10-09T00:00:00.000Z,USD,S4TESTER,C
772,OR,1710,USCU_S11,19460,2016-10-09T00:00:00.000Z,USD,S4TESTER,C
773,OR,1710,USCU_S06,93408,2016-10-09T00:00:00.000Z,USD,S4TESTER,C
774,OR,1710,USCU_L02,7784,2016-10-09T00:00:00.000Z,USD,S4TESTER,C
775,OR,1710,USCU_S05,77410,2016-10-09T00:00:00.000Z,USD,S4TESTER,C
776,OR,1710,USCU_S10,239971,2016-10-09T00:00:00.000Z,USD,S4TESTER,C
777,OR,1710,USCU_S14,77410,2016-10-09T00:00:00.000Z,USD,S4TESTER,C
778,OR,1710,USCU_L07,889,2016-10-10T00:00:00.000Z,USD,S4TESTER,C
779,OR,1710,USCU_S17,889,2016-10-10T00:00:00.000Z,USD,S4TESTER,C
780,OR,1710,USCU_L02,3892,2016-10-10T00:00:00.000Z,USD,S4TESTER,C
781,OR,1710,USCU_S03,160,2016-10-10T00:00:00.000Z,USD,S4TESTER,C
782,OR,1710,USCU_S17,565,2016-10-10T00:00:00.000Z,USD,S4TESTER,C
783,OR,1710,USCU_S06,3977,2016-10-10T00:00:00.000Z,USD,S4TESTER,C
784,OR,1710,USCU_L09,15120,2016-10-10T00:00:00.000Z,USD,S4TESTER,C
785,OR,1710,USCU_S16,5880,2016-10-10T00:00:00.000Z,USD,S4TESTER,C
786,OR,1710,USCU_S10,4480,2016-10-10T00:00:00.000Z,USD,S4TESTER,C
787,OR,1710,USCU_S02,2380,2016-10-10T00:00:00.000Z,USD,S4TESTER,C
788,OR,1710,USCU_L01,18830,2016-10-10T00:00:00.000Z,USD,S4TESTER,C
789,OR,1710,USCU_L06,10850,2016-10-10T00:00:00.000Z,USD,S4TESTER,C
790,OR,1710,USCU_L10,8160,2016-10-10T00:00:00.000Z,USD,S4TESTER,C
791,OR,1710,USCU_L06,7920,2016-10-10T00:00:00.000Z,USD,S4TESTER,C
792,OR,1710,USCU_S07,840,2016-10-10T00:00:00.000Z,USD,S4TESTER,C
793,OR,1710,USCU_S14,480,2016-10-10T00:00:00.000Z,USD,S4TESTER,C
794,OR,1710,USCU_S03,12360,2016-10-10T00:00:00.000Z,USD,S4TESTER,C
795,OR,1710,USCU_L02,29040,2016-10-10T00:00:00.000Z,USD,S4TESTER,C
796,OR,1710,USCU_L03,33327,2016-10-10T00:00:00.000Z,USD,S4TESTER,C
797,OR,1710,USCU_L05,15870,2016-10-10T00:00:00.000Z,USD,S4TESTER,C
798,OR,1710,USCU_S17,74589,2016-10-10T00:00:00.000Z,USD,S4TESTER,C
799,OR,1710,USCU_S12,98394,2016-10-10T00:00:00.000Z,USD,S4TESTER,C
800,OR,1710,USCU_L09,1440,2016-10-10T00:00:00.000Z,USD,S4TESTER,C
801,OR,1710,USCU_S02,93633,2016-10-10T00:00:00.000Z,USD,S4TESTER,C
802,OR,1710,USCU_L01,3680,2016-10-10T00:00:00.000Z,USD,S4TESTER,C
803,OR,1710,USCU_L06,13600,2016-10-10T00:00:00.000Z,USD,S4TESTER,C
804,OR,1710,USCU_S16,1760,2016-10-10T00:00:00.000Z,USD,S4TESTER,C
805,OR,1710,USCU_L09,6012,2016-10-10T00:00:00.000Z,USD,S4TESTER,C
806,OR,1710,USCU_S09,480,2016-10-10T00:00:00.000Z,USD,S4TESTER,C
807,OR,1710,USCU_L03,25050,2016-10-10T00:00:00.000Z,USD,S4TESTER,C
808,OR,1710,USCU_S14,15030,2016-10-10T00:00:00.000Z,USD,S4TESTER,C
809,OR,1710,USCU_L10,18480,2016-10-10T00:00:00.000Z,USD,S4TESTER,C
810,OR,1710,USCU_S06,45090,2016-10-10T00:00:00.000Z,USD,S4TESTER,C
811,OR,1710,USCU_L05,8016,2016-10-10T00:00:00.000Z,USD,S4TESTER,C
812,OR,1710,USCU_S11,97194,2016-10-10T00:00:00.000Z,USD,S4TESTER,C
813,OR,1710,USCU_S11,5280,2016-10-10T00:00:00.000Z,USD,S4TESTER,C
814,OR,1710,USCU_S01,6600,2016-10-10T00:00:00.000Z,USD,S4TESTER,C
815,OR,1710,USCU_S15,3520,2016-10-10T00:00:00.000Z,USD,S4TESTER,C
816,OR,1710,USCU_L04,7920,2016-10-10T00:00:00.000Z,USD,S4TESTER,C
817,OR,1710,USCU_L01,9680,2016-10-10T00:00:00.000Z,USD,S4TESTER,C
818,OR,1710,USCU_L09,2025,2016-10-10T00:00:00.000Z,USD,S4TESTER,C
819,OR,1710,USCU_S15,14175,2016-10-10T00:00:00.000Z,USD,S4TESTER,C
820,OR,1710,USCU_L02,2025,2016-10-10T00:00:00.000Z,USD,S4TESTER,C
821,OR,1710,USCU_L07,1350,2016-10-10T00:00:00.000Z,USD,S4TESTER,C
822,OR,1710,USCU_S12,12825,2016-10-10T00:00:00.000Z,USD,S4TESTER,C
823,OR,1710,USCU_L03,1778,2016-10-10T00:00:00.000Z,USD,S4TESTER,C
824,OR,1710,USCU_L09,32893,2016-10-10T00:00:00.000Z,USD,S4TESTER,C
825,OR,1710,USCU_S06,41175,2016-10-10T00:00:00.000Z,USD,S4TESTER,C
826,OR,1710,USCU_S02,4445,2016-10-10T00:00:00.000Z,USD,S4TESTER,C
827,OR,1710,USCU_L09,19885,2016-10-10T00:00:00.000Z,USD,S4TESTER,C
828,OR,1710,USCU_L01,7954,2016-10-10T00:00:00.000Z,USD,S4TESTER,C
829,OR,1710,USCU_L07,51701,2016-10-10T00:00:00.000Z,USD,S4TESTER,C
830,OR,1710,USCU_L03,2260,2016-10-10T00:00:00.000Z,USD,S4TESTER,C
831,OR,1710,USCU_S07,107379,2016-10-10T00:00:00.000Z,USD,S4TESTER,C
832,OR,1710,USCU_S15,147149,2016-10-10T00:00:00.000Z,USD,S4TESTER,C
833,OR,1710,USCU_L09,10735,2016-10-10T00:00:00.000Z,USD,S4TESTER,C
834,OR,1710,USCU_S06,6215,2016-10-10T00:00:00.000Z,USD,S4TESTER,C
835,OR,1710,USCU_L06,3955,2016-10-10T00:00:00.000Z,USD,S4TESTER,C
836,OR,1710,USCU_S08,6215,2016-10-10T00:00:00.000Z,USD,S4TESTER,C
837,OR,1710,USCU_S05,85624,2016-10-10T00:00:00.000Z,USD,S4TESTER,C
838,OR,1710,USCU_S11,46704,2016-10-10T00:00:00.000Z,USD,S4TESTER,C
839,OR,1710,USCU_S14,42812,2016-10-10T00:00:00.000Z,USD,S4TESTER,C
840,OR,1710,USCU_S01,61928,2016-10-10T00:00:00.000Z,USD,S4TESTER,C
841,OR,1710,USCU_S14,247712,2016-10-10T00:00:00.000Z,USD,S4TESTER,C
842,OR,1710,USCU_L05,15482,2016-10-10T00:00:00.000Z,USD,S4TESTER,C
843,OR,1710,USCU_S08,154820,2016-10-10T00:00:00.000Z,USD,S4TESTER,C
844,OR,1710,USCU_L05,3892,2016-10-11T00:00:00.000Z,USD,S4TESTER,C
845,OR,1710,USCU_S14,889,2016-10-11T00:00:00.000Z,USD,S4TESTER,C
846,OR,1710,USCU_L01,3892,2016-10-11T00:00:00.000Z,USD,S4TESTER,C
847,OR,1710,USCU_L04,565,2016-10-11T00:00:00.000Z,USD,S4TESTER,C
848,OR,1710,USCU_L09,7741,2016-10-11T00:00:00.000Z,USD,S4TESTER,C
849,OR,1710,USCU_S06,910,2016-10-11T00:00:00.000Z,USD,S4TESTER,C
850,OR,1710,USCU_L10,16730,2016-10-11T00:00:00.000Z,USD,S4TESTER,C
851,OR,1710,USCU_S15,6860,2016-10-11T00:00:00.000Z,USD,S4TESTER,C
852,OR,1710,USCU_S07,1610,2016-10-11T00:00:00.000Z,USD,S4TESTER,C
853,OR,1710,USCU_L04,7000,2016-10-11T00:00:00.000Z,USD,S4TESTER,C
854,OR,1710,USCU_L01,5110,2016-10-11T00:00:00.000Z,USD,S4TESTER,C
855,OR,1710,USCU_L10,3720,2016-10-11T00:00:00.000Z,USD,S4TESTER,C
856,OR,1710,USCU_S03,6840,2016-10-11T00:00:00.000Z,USD,S4TESTER,C
857,OR,1710,USCU_S15,840,2016-10-11T00:00:00.000Z,USD,S4TESTER,C
858,OR,1710,USCU_S07,5160,2016-10-11T00:00:00.000Z,USD,S4TESTER,C
859,OR,1710,USCU_L05,1200,2016-10-11T00:00:00.000Z,USD,S4TESTER,C
860,OR,1710,USCU_L03,15720,2016-10-11T00:00:00.000Z,USD,S4TESTER,C
861,OR,1710,USCU_L03,17457,2016-10-11T00:00:00.000Z,USD,S4TESTER,C
862,OR,1710,USCU_L04,20631,2016-10-11T00:00:00.000Z,USD,S4TESTER,C
863,OR,1710,USCU_S17,225354,2016-10-11T00:00:00.000Z,USD,S4TESTER,C
864,OR,1710,USCU_L10,12160,2016-10-11T00:00:00.000Z,USD,S4TESTER,C
865,OR,1710,USCU_S08,123786,2016-10-11T00:00:00.000Z,USD,S4TESTER,C
866,OR,1710,USCU_S04,290421,2016-10-11T00:00:00.000Z,USD,S4TESTER,C
867,OR,1710,USCU_L05,9600,2016-10-11T00:00:00.000Z,USD,S4TESTER,C
868,OR,1710,USCU_L03,10880,2016-10-11T00:00:00.000Z,USD,S4TESTER,C
869,OR,1710,USCU_S16,960,2016-10-11T00:00:00.000Z,USD,S4TESTER,C
870,OR,1710,USCU_S02,4960,2016-10-11T00:00:00.000Z,USD,S4TESTER,C
871,OR,1710,USCU_L10,9018,2016-10-11T00:00:00.000Z,USD,S4TESTER,C
872,OR,1710,USCU_S13,320,2016-10-11T00:00:00.000Z,USD,S4TESTER,C
873,OR,1710,USCU_L02,29058,2016-10-11T00:00:00.000Z,USD,S4TESTER,C
874,OR,1710,USCU_S14,34068,2016-10-11T00:00:00.000Z,USD,S4TESTER,C
875,OR,1710,USCU_S03,52104,2016-10-11T00:00:00.000Z,USD,S4TESTER,C
876,OR,1710,USCU_S09,62124,2016-10-11T00:00:00.000Z,USD,S4TESTER,C
877,OR,1710,USCU_L09,12760,2016-10-11T00:00:00.000Z,USD,S4TESTER,C
878,OR,1710,USCU_S14,2640,2016-10-11T00:00:00.000Z,USD,S4TESTER,C
879,OR,1710,USCU_S03,5720,2016-10-11T00:00:00.000Z,USD,S4TESTER,C
880,OR,1710,USCU_L04,6160,2016-10-11T00:00:00.000Z,USD,S4TESTER,C
881,OR,1710,USCU_L03,1760,2016-10-11T00:00:00.000Z,USD,S4TESTER,C
882,OR,1710,USCU_L09,8100,2016-10-11T00:00:00.000Z,USD,S4TESTER,C
883,OR,1710,USCU_L08,5400,2016-10-11T00:00:00.000Z,USD,S4TESTER,C
884,OR,1710,USCU_S13,15525,2016-10-11T00:00:00.000Z,USD,S4TESTER,C
885,OR,1710,USCU_S17,20925,2016-10-11T00:00:00.000Z,USD,S4TESTER,C
886,OR,1710,USCU_L03,4050,2016-10-11T00:00:00.000Z,USD,S4TESTER,C
887,OR,1710,USCU_S06,60075,2016-10-11T00:00:00.000Z,USD,S4TESTER,C
888,OR,1710,USCU_L09,11557,2016-10-11T00:00:00.000Z,USD,S4TESTER,C
889,OR,1710,USCU_S08,2667,2016-10-11T00:00:00.000Z,USD,S4TESTER,C
890,OR,1710,USCU_S03,10668,2016-10-11T00:00:00.000Z,USD,S4TESTER,C
891,OR,1710,USCU_L02,9779,2016-10-11T00:00:00.000Z,USD,S4TESTER,C
892,OR,1710,USCU_L09,35793,2016-10-11T00:00:00.000Z,USD,S4TESTER,C
893,OR,1710,USCU_S11,7954,2016-10-11T00:00:00.000Z,USD,S4TESTER,C
894,OR,1710,USCU_L05,32004,2016-10-11T00:00:00.000Z,USD,S4TESTER,C
895,OR,1710,USCU_L06,43747,2016-10-11T00:00:00.000Z,USD,S4TESTER,C
896,OR,1710,USCU_S06,51701,2016-10-11T00:00:00.000Z,USD,S4TESTER,C
897,OR,1710,USCU_L10,9605,2016-10-11T00:00:00.000Z,USD,S4TESTER,C
898,OR,1710,USCU_S03,1695,2016-10-11T00:00:00.000Z,USD,S4TESTER,C
899,OR,1710,USCU_S17,131241,2016-10-11T00:00:00.000Z,USD,S4TESTER,C
900,OR,1710,USCU_S15,3390,2016-10-11T00:00:00.000Z,USD,S4TESTER,C
901,OR,1710,USCU_S09,2825,2016-10-11T00:00:00.000Z,USD,S4TESTER,C
902,OR,1710,USCU_L01,6215,2016-10-11T00:00:00.000Z,USD,S4TESTER,C
903,OR,1710,USCU_S12,23352,2016-10-11T00:00:00.000Z,USD,S4TESTER,C
904,OR,1710,USCU_S16,19460,2016-10-11T00:00:00.000Z,USD,S4TESTER,C
905,OR,1710,USCU_S03,42812,2016-10-11T00:00:00.000Z,USD,S4TESTER,C
906,OR,1710,USCU_L08,15482,2016-10-11T00:00:00.000Z,USD,S4TESTER,C
907,OR,1710,USCU_S05,116115,2016-10-11T00:00:00.000Z,USD,S4TESTER,C
908,OR,1710,USCU_S16,224489,2016-10-11T00:00:00.000Z,USD,S4TESTER,C
909,OR,1710,USCU_S12,178043,2016-10-11T00:00:00.000Z,USD,S4TESTER,C
910,OR,1710,USCU_L10,4830,2016-10-12T00:00:00.000Z,USD,S4TESTER,C
911,OR,1710,USCU_S06,910,2016-10-12T00:00:00.000Z,USD,S4TESTER,C
912,OR,1710,USCU_L06,140,2016-10-12T00:00:00.000Z,USD,S4TESTER,C
913,OR,1710,USCU_S17,3850,2016-10-12T00:00:00.000Z,USD,S4TESTER,C
914,OR,1710,USCU_S11,7070,2016-10-12T00:00:00.000Z,USD,S4TESTER,C
915,OR,1710,USCU_L09,9960,2016-10-12T00:00:00.000Z,USD,S4TESTER,C
916,OR,1710,USCU_L03,10220,2016-10-12T00:00:00.000Z,USD,S4TESTER,C
917,OR,1710,USCU_S08,5760,2016-10-12T00:00:00.000Z,USD,S4TESTER,C
918,OR,1710,USCU_L07,2400,2016-10-12T00:00:00.000Z,USD,S4TESTER,C
919,OR,1710,USCU_S15,2160,2016-10-12T00:00:00.000Z,USD,S4TESTER,C
920,OR,1710,USCU_L03,55545,2016-10-12T00:00:00.000Z,USD,S4TESTER,C
921,OR,1710,USCU_L03,15480,2016-10-12T00:00:00.000Z,USD,S4TESTER,C
922,OR,1710,USCU_L10,14283,2016-10-12T00:00:00.000Z,USD,S4TESTER,C
923,OR,1710,USCU_L05,11109,2016-10-12T00:00:00.000Z,USD,S4TESTER,C
924,OR,1710,USCU_S06,23805,2016-10-12T00:00:00.000Z,USD,S4TESTER,C
925,OR,1710,USCU_S12,20631,2016-10-12T00:00:00.000Z,USD,S4TESTER,C
926,OR,1710,USCU_L09,10080,2016-10-12T00:00:00.000Z,USD,S4TESTER,C
927,OR,1710,USCU_S15,222180,2016-10-12T00:00:00.000Z,USD,S4TESTER,C
928,OR,1710,USCU_S05,3200,2016-10-12T00:00:00.000Z,USD,S4TESTER,C
929,OR,1710,USCU_L03,7360,2016-10-12T00:00:00.000Z,USD,S4TESTER,C
930,OR,1710,USCU_S16,1600,2016-10-12T00:00:00.000Z,USD,S4TESTER,C
931,OR,1710,USCU_L07,10720,2016-10-12T00:00:00.000Z,USD,S4TESTER,C
932,OR,1710,USCU_L09,9018,2016-10-12T00:00:00.000Z,USD,S4TESTER,C
933,OR,1710,USCU_S11,2560,2016-10-12T00:00:00.000Z,USD,S4TESTER,C
934,OR,1710,USCU_L02,3006,2016-10-12T00:00:00.000Z,USD,S4TESTER,C
935,OR,1710,USCU_L07,4008,2016-10-12T00:00:00.000Z,USD,S4TESTER,C
936,OR,1710,USCU_S15,120240,2016-10-12T00:00:00.000Z,USD,S4TESTER,C
937,OR,1710,USCU_S04,88176,2016-10-12T00:00:00.000Z,USD,S4TESTER,C
938,OR,1710,USCU_S11,41082,2016-10-12T00:00:00.000Z,USD,S4TESTER,C
939,OR,1710,USCU_L09,23320,2016-10-12T00:00:00.000Z,USD,S4TESTER,C
940,OR,1710,USCU_S11,7040,2016-10-12T00:00:00.000Z,USD,S4TESTER,C
941,OR,1710,USCU_S16,3960,2016-10-12T00:00:00.000Z,USD,S4TESTER,C
942,OR,1710,USCU_L02,6160,2016-10-12T00:00:00.000Z,USD,S4TESTER,C
943,OR,1710,USCU_S05,7040,2016-10-12T00:00:00.000Z,USD,S4TESTER,C
944,OR,1710,USCU_L05,12320,2016-10-12T00:00:00.000Z,USD,S4TESTER,C
945,OR,1710,USCU_L02,10800,2016-10-12T00:00:00.000Z,USD,S4TESTER,C
946,OR,1710,USCU_L06,4725,2016-10-12T00:00:00.000Z,USD,S4TESTER,C
947,OR,1710,USCU_S05,33075,2016-10-12T00:00:00.000Z,USD,S4TESTER,C
948,OR,1710,USCU_L10,19558,2016-10-12T00:00:00.000Z,USD,S4TESTER,C
949,OR,1710,USCU_S15,29700,2016-10-12T00:00:00.000Z,USD,S4TESTER,C
950,OR,1710,USCU_S10,23625,2016-10-12T00:00:00.000Z,USD,S4TESTER,C
951,OR,1710,USCU_S04,3556,2016-10-12T00:00:00.000Z,USD,S4TESTER,C
952,OR,1710,USCU_L03,2667,2016-10-12T00:00:00.000Z,USD,S4TESTER,C
953,OR,1710,USCU_S14,6223,2016-10-12T00:00:00.000Z,USD,S4TESTER,C
954,OR,1710,USCU_S09,13335,2016-10-12T00:00:00.000Z,USD,S4TESTER,C
955,OR,1710,USCU_L01,7954,2016-10-12T00:00:00.000Z,USD,S4TESTER,C
956,OR,1710,USCU_L09,19885,2016-10-12T00:00:00.000Z,USD,S4TESTER,C
957,OR,1710,USCU_L05,35560,2016-10-12T00:00:00.000Z,USD,S4TESTER,C
958,OR,1710,USCU_L06,7954,2016-10-12T00:00:00.000Z,USD,S4TESTER,C
959,OR,1710,USCU_S16,35793,2016-10-12T00:00:00.000Z,USD,S4TESTER,C
960,OR,1710,USCU_S02,1130,2016-10-12T00:00:00.000Z,USD,S4TESTER,C
961,OR,1710,USCU_S02,111356,2016-10-12T00:00:00.000Z,USD,S4TESTER,C
962,OR,1710,USCU_L09,2825,2016-10-12T00:00:00.000Z,USD,S4TESTER,C
963,OR,1710,USCU_S08,174988,2016-10-12T00:00:00.000Z,USD,S4TESTER,C
964,OR,1710,USCU_L01,4520,2016-10-12T00:00:00.000Z,USD,S4TESTER,C
965,OR,1710,USCU_S15,2825,2016-10-12T00:00:00.000Z,USD,S4TESTER,C
966,OR,1710,USCU_S07,7345,2016-10-12T00:00:00.000Z,USD,S4TESTER,C
967,OR,1710,USCU_L01,7784,2016-10-12T00:00:00.000Z,USD,S4TESTER,C
968,OR,1710,USCU_S11,11676,2016-10-12T00:00:00.000Z,USD,S4TESTER,C
969,OR,1710,USCU_L04,23165,2016-10-12T00:00:00.000Z,USD,S4TESTER,C
970,OR,1710,USCU_S06,19460,2016-10-12T00:00:00.000Z,USD,S4TESTER,C
971,OR,1710,USCU_S15,42812,2016-10-12T00:00:00.000Z,USD,S4TESTER,C
972,OR,1710,USCU_S14,46446,2016-10-12T00:00:00.000Z,USD,S4TESTER,C
973,OR,1710,USCU_L08,15482,2016-10-12T00:00:00.000Z,USD,S4TESTER,C
974,OR,1710,USCU_S13,54187,2016-10-12T00:00:00.000Z,USD,S4TESTER,C
975,OR,1710,USCU_S03,255453,2016-10-12T00:00:00.000Z,USD,S4TESTER,C
976,OR,1710,USCU_S17,565,2016-10-13T00:00:00.000Z,USD,S4TESTER,C
977,OR,1710,USCU_L03,7741,2016-10-13T00:00:00.000Z,USD,S4TESTER,C
978,OR,1710,USCU_S05,565,2016-10-13T00:00:00.000Z,USD,S4TESTER,C
979,OR,1710,USCU_L04,889,2016-10-13T00:00:00.000Z,USD,S4TESTER,C
980,OR,1710,USCU_L02,3977,2016-10-13T00:00:00.000Z,USD,S4TESTER,C
981,OR,1710,USCU_S01,3892,2016-10-13T00:00:00.000Z,USD,S4TESTER,C
982,OR,1710,USCU_L10,15540,2016-10-13T00:00:00.000Z,USD,S4TESTER,C
983,OR,1710,USCU_S08,5740,2016-10-13T00:00:00.000Z,USD,S4TESTER,C
984,OR,1710,USCU_L03,14490,2016-10-13T00:00:00.000Z,USD,S4TESTER,C
985,OR,1710,USCU_L08,5250,2016-10-13T00:00:00.000Z,USD,S4TESTER,C
986,OR,1710,USCU_S16,4970,2016-10-13T00:00:00.000Z,USD,S4TESTER,C
987,OR,1710,USCU_L10,10800,2016-10-13T00:00:00.000Z,USD,S4TESTER,C
988,OR,1710,USCU_S15,360,2016-10-13T00:00:00.000Z,USD,S4TESTER,C
989,OR,1710,USCU_S04,4970,2016-10-13T00:00:00.000Z,USD,S4TESTER,C
990,OR,1710,USCU_S12,6240,2016-10-13T00:00:00.000Z,USD,S4TESTER,C
991,OR,1710,USCU_L06,5520,2016-10-13T00:00:00.000Z,USD,S4TESTER,C
992,OR,1710,USCU_L01,11400,2016-10-13T00:00:00.000Z,USD,S4TESTER,C
993,OR,1710,USCU_S06,12720,2016-10-13T00:00:00.000Z,USD,S4TESTER,C
994,OR,1710,USCU_L10,34914,2016-10-13T00:00:00.000Z,USD,S4TESTER,C
995,OR,1710,USCU_S12,25392,2016-10-13T00:00:00.000Z,USD,S4TESTER,C
996,OR,1710,USCU_L01,28566,2016-10-13T00:00:00.000Z,USD,S4TESTER,C
997,OR,1710,USCU_L06,14283,2016-10-13T00:00:00.000Z,USD,S4TESTER,C
998,OR,1710,USCU_S04,101568,2016-10-13T00:00:00.000Z,USD,S4TESTER,C
999,OR,1710,USCU_S15,196788,2016-10-13T00:00:00.000Z,USD,S4TESTER,C
1000,OR,1710,USCU_L09,8800,2016-10-13T00:00:00.000Z,USD,S4TESTER,C
1001,OR,1710,USCU_L01,12160,2016-10-13T00:00:00.000Z,USD,S4TESTER,C
1002,OR,1710,USCU_S14,800,2016-10-13T00:00:00.000Z,USD,S4TESTER,C
1003,OR,1710,USCU_L05,7200,2016-10-13T00:00:00.000Z,USD,S4TESTER,C
1004,OR,1710,USCU_S09,2240,2016-10-13T00:00:00.000Z,USD,S4TESTER,C
1005,OR,1710,USCU_S06,3520,2016-10-13T00:00:00.000Z,USD,S4TESTER,C
1006,OR,1710,USCU_L09,2004,2016-10-13T00:00:00.000Z,USD,S4TESTER,C
1007,OR,1710,USCU_L07,2004,2016-10-13T00:00:00.000Z,USD,S4TESTER,C
1008,OR,1710,USCU_S15,77154,2016-10-13T00:00:00.000Z,USD,S4TESTER,C
1009,OR,1710,USCU_S13,17034,2016-10-13T00:00:00.000Z,USD,S4TESTER,C
1010,OR,1710,USCU_S06,62124,2016-10-13T00:00:00.000Z,USD,S4TESTER,C
1011,OR,1710,USCU_L09,20240,2016-10-13T00:00:00.000Z,USD,S4TESTER,C
1012,OR,1710,USCU_S14,3520,2016-10-13T00:00:00.000Z,USD,S4TESTER,C
1013,OR,1710,USCU_S04,3080,2016-10-13T00:00:00.000Z,USD,S4TESTER,C
1014,OR,1710,USCU_L02,2200,2016-10-13T00:00:00.000Z,USD,S4TESTER,C
1015,OR,1710,USCU_S10,11000,2016-10-13T00:00:00.000Z,USD,S4TESTER,C
1016,OR,1710,USCU_L07,20240,2016-10-13T00:00:00.000Z,USD,S4TESTER,C
1017,OR,1710,USCU_L10,4725,2016-10-13T00:00:00.000Z,USD,S4TESTER,C
1018,OR,1710,USCU_L07,3375,2016-10-13T00:00:00.000Z,USD,S4TESTER,C
1019,OR,1710,USCU_S08,18900,2016-10-13T00:00:00.000Z,USD,S4TESTER,C
1020,OR,1710,USCU_S01,11475,2016-10-13T00:00:00.000Z,USD,S4TESTER,C
1021,OR,1710,USCU_S17,18900,2016-10-13T00:00:00.000Z,USD,S4TESTER,C
1022,OR,1710,USCU_L03,6075,2016-10-13T00:00:00.000Z,USD,S4TESTER,C
1023,OR,1710,USCU_L09,18669,2016-10-13T00:00:00.000Z,USD,S4TESTER,C
1024,OR,1710,USCU_S16,1778,2016-10-13T00:00:00.000Z,USD,S4TESTER,C
1025,OR,1710,USCU_S09,4445,2016-10-13T00:00:00.000Z,USD,S4TESTER,C
1026,OR,1710,USCU_L02,12446,2016-10-13T00:00:00.000Z,USD,S4TESTER,C
1027,OR,1710,USCU_S02,4445,2016-10-13T00:00:00.000Z,USD,S4TESTER,C
1028,OR,1710,USCU_L09,23862,2016-10-13T00:00:00.000Z,USD,S4TESTER,C
1029,OR,1710,USCU_S08,75563,2016-10-13T00:00:00.000Z,USD,S4TESTER,C
1030,OR,1710,USCU_L06,23862,2016-10-13T00:00:00.000Z,USD,S4TESTER,C
1031,OR,1710,USCU_S14,31816,2016-10-13T00:00:00.000Z,USD,S4TESTER,C
1032,OR,1710,USCU_L10,10735,2016-10-13T00:00:00.000Z,USD,S4TESTER,C
1033,OR,1710,USCU_S01,111356,2016-10-13T00:00:00.000Z,USD,S4TESTER,C
1034,OR,1710,USCU_S10,8475,2016-10-13T00:00:00.000Z,USD,S4TESTER,C
1035,OR,1710,USCU_L06,3955,2016-10-13T00:00:00.000Z,USD,S4TESTER,C
1036,OR,1710,USCU_L02,6215,2016-10-13T00:00:00.000Z,USD,S4TESTER,C
1037,OR,1710,USCU_S07,35028,2016-10-13T00:00:00.000Z,USD,S4TESTER,C
1038,OR,1710,USCU_S14,31136,2016-10-13T00:00:00.000Z,USD,S4TESTER,C
1039,OR,1710,USCU_S09,15482,2016-10-13T00:00:00.000Z,USD,S4TESTER,C
1040,OR,1710,USCU_S04,170302,2016-10-13T00:00:00.000Z,USD,S4TESTER,C
1041,OR,1710,USCU_S16,402532,2016-10-13T00:00:00.000Z,USD,S4TESTER,C
1042,OR,1710,USCU_L10,565,2016-10-14T00:00:00.000Z,USD,S4TESTER,C
1043,OR,1710,USCU_S15,889,2016-10-14T00:00:00.000Z,USD,S4TESTER,C
1044,OR,1710,USCU_L09,7741,2016-10-14T00:00:00.000Z,USD,S4TESTER,C
1045,OR,1710,USCU_L07,7741,2016-10-14T00:00:00.000Z,USD,S4TESTER,C
1046,OR,1710,USCU_L02,22330,2016-10-14T00:00:00.000Z,USD,S4TESTER,C
1047,OR,1710,USCU_L09,2450,2016-10-14T00:00:00.000Z,USD,S4TESTER,C
1048,OR,1710,USCU_S09,5180,2016-10-14T00:00:00.000Z,USD,S4TESTER,C
1049,OR,1710,USCU_S02,4340,2016-10-14T00:00:00.000Z,USD,S4TESTER,C
1050,OR,1710,USCU_S16,1470,2016-10-14T00:00:00.000Z,USD,S4TESTER,C
1051,OR,1710,USCU_S14,1560,2016-10-14T00:00:00.000Z,USD,S4TESTER,C
1052,OR,1710,USCU_L05,16520,2016-10-14T00:00:00.000Z,USD,S4TESTER,C
1053,OR,1710,USCU_L09,840,2016-10-14T00:00:00.000Z,USD,S4TESTER,C
1054,OR,1710,USCU_S01,2880,2016-10-14T00:00:00.000Z,USD,S4TESTER,C
1055,OR,1710,USCU_S07,3720,2016-10-14T00:00:00.000Z,USD,S4TESTER,C
1056,OR,1710,USCU_L09,31740,2016-10-14T00:00:00.000Z,USD,S4TESTER,C
1057,OR,1710,USCU_L05,14160,2016-10-14T00:00:00.000Z,USD,S4TESTER,C
1058,OR,1710,USCU_L02,20640,2016-10-14T00:00:00.000Z,USD,S4TESTER,C
1059,OR,1710,USCU_S10,47610,2016-10-14T00:00:00.000Z,USD,S4TESTER,C
1060,OR,1710,USCU_L05,17457,2016-10-14T00:00:00.000Z,USD,S4TESTER,C
1061,OR,1710,USCU_L01,25392,2016-10-14T00:00:00.000Z,USD,S4TESTER,C
1062,OR,1710,USCU_S05,41262,2016-10-14T00:00:00.000Z,USD,S4TESTER,C
1063,OR,1710,USCU_L10,6560,2016-10-14T00:00:00.000Z,USD,S4TESTER,C
1064,OR,1710,USCU_S14,39675,2016-10-14T00:00:00.000Z,USD,S4TESTER,C
1065,OR,1710,USCU_L07,10560,2016-10-14T00:00:00.000Z,USD,S4TESTER,C
1066,OR,1710,USCU_L03,4800,2016-10-14T00:00:00.000Z,USD,S4TESTER,C
1067,OR,1710,USCU_L09,11022,2016-10-14T00:00:00.000Z,USD,S4TESTER,C
1068,OR,1710,USCU_S12,1920,2016-10-14T00:00:00.000Z,USD,S4TESTER,C
1069,OR,1710,USCU_S06,320,2016-10-14T00:00:00.000Z,USD,S4TESTER,C
1070,OR,1710,USCU_L01,30060,2016-10-14T00:00:00.000Z,USD,S4TESTER,C
1071,OR,1710,USCU_L07,6012,2016-10-14T00:00:00.000Z,USD,S4TESTER,C
1072,OR,1710,USCU_L10,8360,2016-10-14T00:00:00.000Z,USD,S4TESTER,C
1073,OR,1710,USCU_S07,94188,2016-10-14T00:00:00.000Z,USD,S4TESTER,C
1074,OR,1710,USCU_S06,20040,2016-10-14T00:00:00.000Z,USD,S4TESTER,C
1075,OR,1710,USCU_L03,4840,2016-10-14T00:00:00.000Z,USD,S4TESTER,C
1076,OR,1710,USCU_L04,5720,2016-10-14T00:00:00.000Z,USD,S4TESTER,C
1077,OR,1710,USCU_S16,3960,2016-10-14T00:00:00.000Z,USD,S4TESTER,C
1078,OR,1710,USCU_S02,5720,2016-10-14T00:00:00.000Z,USD,S4TESTER,C
1079,OR,1710,USCU_S11,4400,2016-10-14T00:00:00.000Z,USD,S4TESTER,C
1080,OR,1710,USCU_L09,8775,2016-10-14T00:00:00.000Z,USD,S4TESTER,C
1081,OR,1710,USCU_L02,3375,2016-10-14T00:00:00.000Z,USD,S4TESTER,C
1082,OR,1710,USCU_S16,8100,2016-10-14T00:00:00.000Z,USD,S4TESTER,C
1083,OR,1710,USCU_S05,2700,2016-10-14T00:00:00.000Z,USD,S4TESTER,C
1084,OR,1710,USCU_L06,1350,2016-10-14T00:00:00.000Z,USD,S4TESTER,C
1085,OR,1710,USCU_L09,12446,2016-10-14T00:00:00.000Z,USD,S4TESTER,C
1086,OR,1710,USCU_S13,27675,2016-10-14T00:00:00.000Z,USD,S4TESTER,C
1087,OR,1710,USCU_S13,12446,2016-10-14T00:00:00.000Z,USD,S4TESTER,C
1088,OR,1710,USCU_L01,6223,2016-10-14T00:00:00.000Z,USD,S4TESTER,C
1089,OR,1710,USCU_S01,2667,2016-10-14T00:00:00.000Z,USD,S4TESTER,C
1090,OR,1710,USCU_L10,23862,2016-10-14T00:00:00.000Z,USD,S4TESTER,C
1091,OR,1710,USCU_L08,38227,2016-10-14T00:00:00.000Z,USD,S4TESTER,C
1092,OR,1710,USCU_L03,15908,2016-10-14T00:00:00.000Z,USD,S4TESTER,C
1093,OR,1710,USCU_S05,19885,2016-10-14T00:00:00.000Z,USD,S4TESTER,C
1094,OR,1710,USCU_L07,31816,2016-10-14T00:00:00.000Z,USD,S4TESTER,C
1095,OR,1710,USCU_S09,47724,2016-10-14T00:00:00.000Z,USD,S4TESTER,C
1096,OR,1710,USCU_S15,103402,2016-10-14T00:00:00.000Z,USD,S4TESTER,C
1097,OR,1710,USCU_L01,3390,2016-10-14T00:00:00.000Z,USD,S4TESTER,C
1098,OR,1710,USCU_S05,4520,2016-10-14T00:00:00.000Z,USD,S4TESTER,C
1099,OR,1710,USCU_S12,7910,2016-10-14T00:00:00.000Z,USD,S4TESTER,C
1100,OR,1710,USCU_S15,2825,2016-10-14T00:00:00.000Z,USD,S4TESTER,C
1101,OR,1710,USCU_L04,22600,2016-10-14T00:00:00.000Z,USD,S4TESTER,C
1102,OR,1710,USCU_S14,42812,2016-10-14T00:00:00.000Z,USD,S4TESTER,C
1103,OR,1710,USCU_S02,120652,2016-10-14T00:00:00.000Z,USD,S4TESTER,C
1104,OR,1710,USCU_S10,23352,2016-10-14T00:00:00.000Z,USD,S4TESTER,C
1105,OR,1710,USCU_S06,69669,2016-10-14T00:00:00.000Z,USD,S4TESTER,C
1106,OR,1710,USCU_S09,239971,2016-10-14T00:00:00.000Z,USD,S4TESTER,C
1107,OR,1710,USCU_S17,239971,2016-10-14T00:00:00.000Z,USD,S4TESTER,C
1108,OR,1710,USCU_S14,675,2016-10-15T00:00:00.000Z,USD,S4TESTER,C
1109,OR,1710,USCU_L05,3892,2016-10-15T00:00:00.000Z,USD,S4TESTER,C
1110,OR,1710,USCU_L09,15260,2016-10-15T00:00:00.000Z,USD,S4TESTER,C
1111,OR,1710,USCU_L02,23660,2016-10-15T00:00:00.000Z,USD,S4TESTER,C
1112,OR,1710,USCU_S03,2870,2016-10-15T00:00:00.000Z,USD,S4TESTER,C
1113,OR,1710,USCU_S16,1540,2016-10-15T00:00:00.000Z,USD,S4TESTER,C
1114,OR,1710,USCU_L05,23240,2016-10-15T00:00:00.000Z,USD,S4TESTER,C
1115,OR,1710,USCU_L09,9120,2016-10-15T00:00:00.000Z,USD,S4TESTER,C
1116,OR,1710,USCU_S07,10500,2016-10-15T00:00:00.000Z,USD,S4TESTER,C
1117,OR,1710,USCU_S01,9600,2016-10-15T00:00:00.000Z,USD,S4TESTER,C
1118,OR,1710,USCU_L06,7680,2016-10-15T00:00:00.000Z,USD,S4TESTER,C
1119,OR,1710,USCU_S17,720,2016-10-15T00:00:00.000Z,USD,S4TESTER,C
1120,OR,1710,USCU_S13,5160,2016-10-15T00:00:00.000Z,USD,S4TESTER,C
1121,OR,1710,USCU_L09,17457,2016-10-15T00:00:00.000Z,USD,S4TESTER,C
1122,OR,1710,USCU_L01,23520,2016-10-15T00:00:00.000Z,USD,S4TESTER,C
1123,OR,1710,USCU_S08,79350,2016-10-15T00:00:00.000Z,USD,S4TESTER,C
1124,OR,1710,USCU_L02,6348,2016-10-15T00:00:00.000Z,USD,S4TESTER,C
1125,OR,1710,USCU_L06,22218,2016-10-15T00:00:00.000Z,USD,S4TESTER,C
1126,OR,1710,USCU_S17,82524,2016-10-15T00:00:00.000Z,USD,S4TESTER,C
1127,OR,1710,USCU_S02,212658,2016-10-15T00:00:00.000Z,USD,S4TESTER,C
1128,OR,1710,USCU_L09,10720,2016-10-15T00:00:00.000Z,USD,S4TESTER,C
1129,OR,1710,USCU_S14,800,2016-10-15T00:00:00.000Z,USD,S4TESTER,C
1130,OR,1710,USCU_L02,2240,2016-10-15T00:00:00.000Z,USD,S4TESTER,C
1131,OR,1710,USCU_L04,2080,2016-10-15T00:00:00.000Z,USD,S4TESTER,C
1132,OR,1710,USCU_S13,320,2016-10-15T00:00:00.000Z,USD,S4TESTER,C
1133,OR,1710,USCU_L09,8016,2016-10-15T00:00:00.000Z,USD,S4TESTER,C
1134,OR,1710,USCU_S03,3520,2016-10-15T00:00:00.000Z,USD,S4TESTER,C
1135,OR,1710,USCU_L01,19038,2016-10-15T00:00:00.000Z,USD,S4TESTER,C
1136,OR,1710,USCU_S16,107214,2016-10-15T00:00:00.000Z,USD,S4TESTER,C
1137,OR,1710,USCU_S10,11022,2016-10-15T00:00:00.000Z,USD,S4TESTER,C
1138,OR,1710,USCU_S04,90180,2016-10-15T00:00:00.000Z,USD,S4TESTER,C
1139,OR,1710,USCU_L08,9018,2016-10-15T00:00:00.000Z,USD,S4TESTER,C
1140,OR,1710,USCU_L10,3080,2016-10-15T00:00:00.000Z,USD,S4TESTER,C
1141,OR,1710,USCU_S01,3960,2016-10-15T00:00:00.000Z,USD,S4TESTER,C
1142,OR,1710,USCU_L03,10560,2016-10-15T00:00:00.000Z,USD,S4TESTER,C
1143,OR,1710,USCU_L10,4050,2016-10-15T00:00:00.000Z,USD,S4TESTER,C
1144,OR,1710,USCU_S13,9680,2016-10-15T00:00:00.000Z,USD,S4TESTER,C
1145,OR,1710,USCU_L08,3375,2016-10-15T00:00:00.000Z,USD,S4TESTER,C
1146,OR,1710,USCU_S10,14850,2016-10-15T00:00:00.000Z,USD,S4TESTER,C
1147,OR,1710,USCU_L01,10800,2016-10-15T00:00:00.000Z,USD,S4TESTER,C
1148,OR,1710,USCU_S06,49950,2016-10-15T00:00:00.000Z,USD,S4TESTER,C
1149,OR,1710,USCU_L09,7112,2016-10-15T00:00:00.000Z,USD,S4TESTER,C
1150,OR,1710,USCU_L05,1778,2016-10-15T00:00:00.000Z,USD,S4TESTER,C
1151,OR,1710,USCU_S07,4445,2016-10-15T00:00:00.000Z,USD,S4TESTER,C
1152,OR,1710,USCU_L02,4445,2016-10-15T00:00:00.000Z,USD,S4TESTER,C
1153,OR,1710,USCU_S17,2667,2016-10-15T00:00:00.000Z,USD,S4TESTER,C
1154,OR,1710,USCU_L02,7954,2016-10-15T00:00:00.000Z,USD,S4TESTER,C
1155,OR,1710,USCU_L10,23862,2016-10-15T00:00:00.000Z,USD,S4TESTER,C
1156,OR,1710,USCU_S04,59655,2016-10-15T00:00:00.000Z,USD,S4TESTER,C
1157,OR,1710,USCU_S17,43747,2016-10-15T00:00:00.000Z,USD,S4TESTER,C
1158,OR,1710,USCU_L04,19885,2016-10-15T00:00:00.000Z,USD,S4TESTER,C
1159,OR,1710,USCU_S08,151126,2016-10-15T00:00:00.000Z,USD,S4TESTER,C
1160,OR,1710,USCU_L10,3390,2016-10-15T00:00:00.000Z,USD,S4TESTER,C
1161,OR,1710,USCU_S12,5085,2016-10-15T00:00:00.000Z,USD,S4TESTER,C
1162,OR,1710,USCU_L01,7910,2016-10-15T00:00:00.000Z,USD,S4TESTER,C
1163,OR,1710,USCU_S05,2260,2016-10-15T00:00:00.000Z,USD,S4TESTER,C
1164,OR,1710,USCU_L05,17515,2016-10-15T00:00:00.000Z,USD,S4TESTER,C
1165,OR,1710,USCU_S14,27244,2016-10-15T00:00:00.000Z,USD,S4TESTER,C
1166,OR,1710,USCU_S02,77840,2016-10-15T00:00:00.000Z,USD,S4TESTER,C
1167,OR,1710,USCU_S06,178043,2016-10-15T00:00:00.000Z,USD,S4TESTER,C
1168,OR,1710,USCU_S08,224489,2016-10-15T00:00:00.000Z,USD,S4TESTER,C
1169,OR,1710,USCU_S16,23223,2016-10-15T00:00:00.000Z,USD,S4TESTER,C
1170,OR,1710,USCU_L08,1002,2016-10-16T00:00:00.000Z,USD,S4TESTER,C
1171,OR,1710,USCU_S13,565,2016-10-16T00:00:00.000Z,USD,S4TESTER,C
1172,OR,1710,USCU_S06,889,2016-10-16T00:00:00.000Z,USD,S4TESTER,C
1173,OR,1710,USCU_L02,3892,2016-10-16T00:00:00.000Z,USD,S4TESTER,C
1174,OR,1710,USCU_S03,3977,2016-10-16T00:00:00.000Z,USD,S4TESTER,C
1175,OR,1710,USCU_L02,16870,2016-10-16T00:00:00.000Z,USD,S4TESTER,C
1176,OR,1710,USCU_L09,630,2016-10-16T00:00:00.000Z,USD,S4TESTER,C
1177,OR,1710,USCU_S03,4690,2016-10-16T00:00:00.000Z,USD,S4TESTER,C
1178,OR,1710,USCU_L06,18060,2016-10-16T00:00:00.000Z,USD,S4TESTER,C
1179,OR,1710,USCU_S09,8680,2016-10-16T00:00:00.000Z,USD,S4TESTER,C
1180,OR,1710,USCU_L10,2760,2016-10-16T00:00:00.000Z,USD,S4TESTER,C
1181,OR,1710,USCU_S15,360,2016-10-16T00:00:00.000Z,USD,S4TESTER,C
1182,OR,1710,USCU_S16,6300,2016-10-16T00:00:00.000Z,USD,S4TESTER,C
1183,OR,1710,USCU_S01,1320,2016-10-16T00:00:00.000Z,USD,S4TESTER,C
1184,OR,1710,USCU_S13,6240,2016-10-16T00:00:00.000Z,USD,S4TESTER,C
1185,OR,1710,USCU_L01,13080,2016-10-16T00:00:00.000Z,USD,S4TESTER,C
1186,OR,1710,USCU_L04,15720,2016-10-16T00:00:00.000Z,USD,S4TESTER,C
1187,OR,1710,USCU_L10,19044,2016-10-16T00:00:00.000Z,USD,S4TESTER,C
1188,OR,1710,USCU_L04,7935,2016-10-16T00:00:00.000Z,USD,S4TESTER,C
1189,OR,1710,USCU_L02,14283,2016-10-16T00:00:00.000Z,USD,S4TESTER,C
1190,OR,1710,USCU_S10,25392,2016-10-16T00:00:00.000Z,USD,S4TESTER,C
1191,OR,1710,USCU_S14,123786,2016-10-16T00:00:00.000Z,USD,S4TESTER,C
1192,OR,1710,USCU_S04,177744,2016-10-16T00:00:00.000Z,USD,S4TESTER,C
1193,OR,1710,USCU_L09,13440,2016-10-16T00:00:00.000Z,USD,S4TESTER,C
1194,OR,1710,USCU_S15,800,2016-10-16T00:00:00.000Z,USD,S4TESTER,C
1195,OR,1710,USCU_L01,11840,2016-10-16T00:00:00.000Z,USD,S4TESTER,C
1196,OR,1710,USCU_S04,4160,2016-10-16T00:00:00.000Z,USD,S4TESTER,C
1197,OR,1710,USCU_L10,10020,2016-10-16T00:00:00.000Z,USD,S4TESTER,C
1198,OR,1710,USCU_S12,1600,2016-10-16T00:00:00.000Z,USD,S4TESTER,C
1199,OR,1710,USCU_S10,10020,2016-10-16T00:00:00.000Z,USD,S4TESTER,C
1200,OR,1710,USCU_L02,3006,2016-10-16T00:00:00.000Z,USD,S4TESTER,C
1201,OR,1710,USCU_S16,54108,2016-10-16T00:00:00.000Z,USD,S4TESTER,C
1202,OR,1710,USCU_L09,11000,2016-10-16T00:00:00.000Z,USD,S4TESTER,C
1203,OR,1710,USCU_S03,115230,2016-10-16T00:00:00.000Z,USD,S4TESTER,C
1204,OR,1710,USCU_S16,3520,2016-10-16T00:00:00.000Z,USD,S4TESTER,C
1205,OR,1710,USCU_S13,1320,2016-10-16T00:00:00.000Z,USD,S4TESTER,C
1206,OR,1710,USCU_L03,5280,2016-10-16T00:00:00.000Z,USD,S4TESTER,C
1207,OR,1710,USCU_L02,3375,2016-10-16T00:00:00.000Z,USD,S4TESTER,C
1208,OR,1710,USCU_L06,12320,2016-10-16T00:00:00.000Z,USD,S4TESTER,C
1209,OR,1710,USCU_L09,2025,2016-10-16T00:00:00.000Z,USD,S4TESTER,C
1210,OR,1710,USCU_L04,1350,2016-10-16T00:00:00.000Z,USD,S4TESTER,C
1211,OR,1710,USCU_S12,28350,2016-10-16T00:00:00.000Z,USD,S4TESTER,C
1212,OR,1710,USCU_S02,35775,2016-10-16T00:00:00.000Z,USD,S4TESTER,C
1213,OR,1710,USCU_L10,20447,2016-10-16T00:00:00.000Z,USD,S4TESTER,C
1214,OR,1710,USCU_S14,22950,2016-10-16T00:00:00.000Z,USD,S4TESTER,C
1215,OR,1710,USCU_L01,4445,2016-10-16T00:00:00.000Z,USD,S4TESTER,C
1216,OR,1710,USCU_S13,8001,2016-10-16T00:00:00.000Z,USD,S4TESTER,C
1217,OR,1710,USCU_S14,6223,2016-10-16T00:00:00.000Z,USD,S4TESTER,C
1218,OR,1710,USCU_L06,16002,2016-10-16T00:00:00.000Z,USD,S4TESTER,C
1219,OR,1710,USCU_L09,43747,2016-10-16T00:00:00.000Z,USD,S4TESTER,C
1220,OR,1710,USCU_L06,11931,2016-10-16T00:00:00.000Z,USD,S4TESTER,C
1221,OR,1710,USCU_S12,67609,2016-10-16T00:00:00.000Z,USD,S4TESTER,C
1222,OR,1710,USCU_S17,79540,2016-10-16T00:00:00.000Z,USD,S4TESTER,C
1223,OR,1710,USCU_L10,13560,2016-10-16T00:00:00.000Z,USD,S4TESTER,C
1224,OR,1710,USCU_L01,2260,2016-10-16T00:00:00.000Z,USD,S4TESTER,C
1225,OR,1710,USCU_L05,10170,2016-10-16T00:00:00.000Z,USD,S4TESTER,C
1226,OR,1710,USCU_S06,2260,2016-10-16T00:00:00.000Z,USD,S4TESTER,C
1227,OR,1710,USCU_S12,62272,2016-10-16T00:00:00.000Z,USD,S4TESTER,C
1228,OR,1710,USCU_S04,58380,2016-10-16T00:00:00.000Z,USD,S4TESTER,C
1229,OR,1710,USCU_S17,54488,2016-10-16T00:00:00.000Z,USD,S4TESTER,C
1230,OR,1710,USCU_S02,154820,2016-10-16T00:00:00.000Z,USD,S4TESTER,C
1231,OR,1710,USCU_S14,46446,2016-10-16T00:00:00.000Z,USD,S4TESTER,C
1232,OR,1710,USCU_S13,178043,2016-10-16T00:00:00.000Z,USD,S4TESTER,C
1233,OR,1710,USCU_L08,7741,2016-10-17T00:00:00.000Z,USD,S4TESTER,C
1234,OR,1710,USCU_L10,440,2016-10-17T00:00:00.000Z,USD,S4TESTER,C
1235,OR,1710,USCU_L09,7741,2016-10-17T00:00:00.000Z,USD,S4TESTER,C
1236,OR,1710,USCU_S01,440,2016-10-17T00:00:00.000Z,USD,S4TESTER,C
1237,OR,1710,USCU_L02,3892,2016-10-17T00:00:00.000Z,USD,S4TESTER,C
1238,OR,1710,USCU_L02,12460,2016-10-17T00:00:00.000Z,USD,S4TESTER,C
1239,OR,1710,USCU_L10,7210,2016-10-17T00:00:00.000Z,USD,S4TESTER,C
1240,OR,1710,USCU_S01,840,2016-10-17T00:00:00.000Z,USD,S4TESTER,C
1241,OR,1710,USCU_S14,2730,2016-10-17T00:00:00.000Z,USD,S4TESTER,C
1242,OR,1710,USCU_S11,7840,2016-10-17T00:00:00.000Z,USD,S4TESTER,C
1243,OR,1710,USCU_L07,14630,2016-10-17T00:00:00.000Z,USD,S4TESTER,C
1244,OR,1710,USCU_L09,9000,2016-10-17T00:00:00.000Z,USD,S4TESTER,C
1245,OR,1710,USCU_S09,4440,2016-10-17T00:00:00.000Z,USD,S4TESTER,C
1246,OR,1710,USCU_S06,5520,2016-10-17T00:00:00.000Z,USD,S4TESTER,C
1247,OR,1710,USCU_S15,480,2016-10-17T00:00:00.000Z,USD,S4TESTER,C
1248,OR,1710,USCU_L08,12600,2016-10-17T00:00:00.000Z,USD,S4TESTER,C
1249,OR,1710,USCU_L09,26979,2016-10-17T00:00:00.000Z,USD,S4TESTER,C
1250,OR,1710,USCU_L03,28080,2016-10-17T00:00:00.000Z,USD,S4TESTER,C
1251,OR,1710,USCU_L01,3174,2016-10-17T00:00:00.000Z,USD,S4TESTER,C
1252,OR,1710,USCU_S09,77763,2016-10-17T00:00:00.000Z,USD,S4TESTER,C
1253,OR,1710,USCU_S03,111090,2016-10-17T00:00:00.000Z,USD,S4TESTER,C
1254,OR,1710,USCU_L10,1760,2016-10-17T00:00:00.000Z,USD,S4TESTER,C
1255,OR,1710,USCU_S17,155526,2016-10-17T00:00:00.000Z,USD,S4TESTER,C
1256,OR,1710,USCU_L06,12800,2016-10-17T00:00:00.000Z,USD,S4TESTER,C
1257,OR,1710,USCU_L02,960,2016-10-17T00:00:00.000Z,USD,S4TESTER,C
1258,OR,1710,USCU_S14,640,2016-10-17T00:00:00.000Z,USD,S4TESTER,C
1259,OR,1710,USCU_S10,2880,2016-10-17T00:00:00.000Z,USD,S4TESTER,C
1260,OR,1710,USCU_S03,4160,2016-10-17T00:00:00.000Z,USD,S4TESTER,C
1261,OR,1710,USCU_L10,6012,2016-10-17T00:00:00.000Z,USD,S4TESTER,C
1262,OR,1710,USCU_S17,62124,2016-10-17T00:00:00.000Z,USD,S4TESTER,C
1263,OR,1710,USCU_L02,4008,2016-10-17T00:00:00.000Z,USD,S4TESTER,C
1264,OR,1710,USCU_L06,6012,2016-10-17T00:00:00.000Z,USD,S4TESTER,C
1265,OR,1710,USCU_S06,92184,2016-10-17T00:00:00.000Z,USD,S4TESTER,C
1266,OR,1710,USCU_S08,49098,2016-10-17T00:00:00.000Z,USD,S4TESTER,C
1267,OR,1710,USCU_S14,3960,2016-10-17T00:00:00.000Z,USD,S4TESTER,C
1268,OR,1710,USCU_S13,11440,2016-10-17T00:00:00.000Z,USD,S4TESTER,C
1269,OR,1710,USCU_L05,18480,2016-10-17T00:00:00.000Z,USD,S4TESTER,C
1270,OR,1710,USCU_L02,11440,2016-10-17T00:00:00.000Z,USD,S4TESTER,C
1271,OR,1710,USCU_L09,7425,2016-10-17T00:00:00.000Z,USD,S4TESTER,C
1272,OR,1710,USCU_L01,9450,2016-10-17T00:00:00.000Z,USD,S4TESTER,C
1273,OR,1710,USCU_S13,14175,2016-10-17T00:00:00.000Z,USD,S4TESTER,C
1274,OR,1710,USCU_L06,1350,2016-10-17T00:00:00.000Z,USD,S4TESTER,C
1275,OR,1710,USCU_S14,29025,2016-10-17T00:00:00.000Z,USD,S4TESTER,C
1276,OR,1710,USCU_S05,44550,2016-10-17T00:00:00.000Z,USD,S4TESTER,C
1277,OR,1710,USCU_L09,14224,2016-10-17T00:00:00.000Z,USD,S4TESTER,C
1278,OR,1710,USCU_L03,4445,2016-10-17T00:00:00.000Z,USD,S4TESTER,C
1279,OR,1710,USCU_S13,2667,2016-10-17T00:00:00.000Z,USD,S4TESTER,C
1280,OR,1710,USCU_L08,9779,2016-10-17T00:00:00.000Z,USD,S4TESTER,C
1281,OR,1710,USCU_L09,23862,2016-10-17T00:00:00.000Z,USD,S4TESTER,C
1282,OR,1710,USCU_S05,16891,2016-10-17T00:00:00.000Z,USD,S4TESTER,C
1283,OR,1710,USCU_S06,79540,2016-10-17T00:00:00.000Z,USD,S4TESTER,C
1284,OR,1710,USCU_L08,35793,2016-10-17T00:00:00.000Z,USD,S4TESTER,C
1285,OR,1710,USCU_S13,71586,2016-10-17T00:00:00.000Z,USD,S4TESTER,C
1286,OR,1710,USCU_S15,87494,2016-10-17T00:00:00.000Z,USD,S4TESTER,C
1287,OR,1710,USCU_L01,2260,2016-10-17T00:00:00.000Z,USD,S4TESTER,C
1288,OR,1710,USCU_L10,10170,2016-10-17T00:00:00.000Z,USD,S4TESTER,C
1289,OR,1710,USCU_S16,1695,2016-10-17T00:00:00.000Z,USD,S4TESTER,C
1290,OR,1710,USCU_S06,4520,2016-10-17T00:00:00.000Z,USD,S4TESTER,C
1291,OR,1710,USCU_L08,35030,2016-10-17T00:00:00.000Z,USD,S4TESTER,C
1292,OR,1710,USCU_S04,66164,2016-10-17T00:00:00.000Z,USD,S4TESTER,C
1293,OR,1710,USCU_S14,42812,2016-10-17T00:00:00.000Z,USD,S4TESTER,C
1294,OR,1710,USCU_S12,7784,2016-10-17T00:00:00.000Z,USD,S4TESTER,C
1295,OR,1710,USCU_S08,209007,2016-10-17T00:00:00.000Z,USD,S4TESTER,C
1296,OR,1710,USCU_S15,123856,2016-10-17T00:00:00.000Z,USD,S4TESTER,C
1297,OR,1710,USCU_S05,54187,2016-10-17T00:00:00.000Z,USD,S4TESTER,C
1299,OR,1710,USCU_L04,3892,2016-10-19T00:00:00.000Z,USD,S4TESTER,C
1300,OR,1710,USCU_L09,3977,2016-10-19T00:00:00.000Z,USD,S4TESTER,C
1301,OR,1710,USCU_L03,3977,2016-10-19T00:00:00.000Z,USD,S4TESTER,C
1302,OR,1710,USCU_L09,565,2016-10-19T00:00:00.000Z,USD,S4TESTER,C
1303,OR,1710,USCU_L03,440,2016-10-19T00:00:00.000Z,USD,S4TESTER,C
1304,OR,1710,USCU_L02,565,2016-10-19T00:00:00.000Z,USD,S4TESTER,C
1305,OR,1710,USCU_L01,3892,2016-10-19T00:00:00.000Z,USD,S4TESTER,C
1306,OR,1710,USCU_S15,565,2016-10-19T00:00:00.000Z,USD,S4TESTER,C
1307,OR,1710,USCU_S02,565,2016-10-19T00:00:00.000Z,USD,S4TESTER,C
1308,OR,1710,USCU_L09,7741,2016-10-19T00:00:00.000Z,USD,S4TESTER,C
1309,OR,1710,USCU_L07,675,2016-10-19T00:00:00.000Z,USD,S4TESTER,C
1310,OR,1710,USCU_L02,3977,2016-10-19T00:00:00.000Z,USD,S4TESTER,C
1311,OR,1710,USCU_L01,1050,2016-10-19T00:00:00.000Z,USD,S4TESTER,C
1312,OR,1710,USCU_L09,15120,2016-10-19T00:00:00.000Z,USD,S4TESTER,C
1313,OR,1710,USCU_L10,17360,2016-10-19T00:00:00.000Z,USD,S4TESTER,C
1314,OR,1710,USCU_S11,7910,2016-10-19T00:00:00.000Z,USD,S4TESTER,C
1315,OR,1710,USCU_S03,3710,2016-10-19T00:00:00.000Z,USD,S4TESTER,C
1316,OR,1710,USCU_S17,4410,2016-10-19T00:00:00.000Z,USD,S4TESTER,C
1317,OR,1710,USCU_L07,5670,2016-10-19T00:00:00.000Z,USD,S4TESTER,C
1318,OR,1710,USCU_S01,4550,2016-10-19T00:00:00.000Z,USD,S4TESTER,C
1319,OR,1710,USCU_S17,2590,2016-10-19T00:00:00.000Z,USD,S4TESTER,C
1320,OR,1710,USCU_L10,3480,2016-10-19T00:00:00.000Z,USD,S4TESTER,C
1321,OR,1710,USCU_L06,18480,2016-10-19T00:00:00.000Z,USD,S4TESTER,C
1322,OR,1710,USCU_L10,4320,2016-10-19T00:00:00.000Z,USD,S4TESTER,C
1323,OR,1710,USCU_L01,7070,2016-10-19T00:00:00.000Z,USD,S4TESTER,C
1324,OR,1710,USCU_S13,9100,2016-10-19T00:00:00.000Z,USD,S4TESTER,C
1325,OR,1710,USCU_S14,1440,2016-10-19T00:00:00.000Z,USD,S4TESTER,C
1326,OR,1710,USCU_S08,5160,2016-10-19T00:00:00.000Z,USD,S4TESTER,C
1327,OR,1710,USCU_L08,4560,2016-10-19T00:00:00.000Z,USD,S4TESTER,C
1328,OR,1710,USCU_S12,3360,2016-10-19T00:00:00.000Z,USD,S4TESTER,C
1329,OR,1710,USCU_L07,15240,2016-10-19T00:00:00.000Z,USD,S4TESTER,C
1330,OR,1710,USCU_S17,240,2016-10-19T00:00:00.000Z,USD,S4TESTER,C
1331,OR,1710,USCU_S05,9360,2016-10-19T00:00:00.000Z,USD,S4TESTER,C
1332,OR,1710,USCU_L09,31740,2016-10-19T00:00:00.000Z,USD,S4TESTER,C
1333,OR,1710,USCU_L03,14880,2016-10-19T00:00:00.000Z,USD,S4TESTER,C
1334,OR,1710,USCU_L09,26979,2016-10-19T00:00:00.000Z,USD,S4TESTER,C
1335,OR,1710,USCU_S01,14160,2016-10-19T00:00:00.000Z,USD,S4TESTER,C
1336,OR,1710,USCU_L01,18960,2016-10-19T00:00:00.000Z,USD,S4TESTER,C
1337,OR,1710,USCU_L05,4761,2016-10-19T00:00:00.000Z,USD,S4TESTER,C
1338,OR,1710,USCU_L02,36501,2016-10-19T00:00:00.000Z,USD,S4TESTER,C
1339,OR,1710,USCU_S09,11109,2016-10-19T00:00:00.000Z,USD,S4TESTER,C
1340,OR,1710,USCU_S01,33327,2016-10-19T00:00:00.000Z,USD,S4TESTER,C
1341,OR,1710,USCU_L02,33327,2016-10-19T00:00:00.000Z,USD,S4TESTER,C
1342,OR,1710,USCU_L04,19044,2016-10-19T00:00:00.000Z,USD,S4TESTER,C
1343,OR,1710,USCU_S14,271377,2016-10-19T00:00:00.000Z,USD,S4TESTER,C
1344,OR,1710,USCU_L09,8320,2016-10-19T00:00:00.000Z,USD,S4TESTER,C
1345,OR,1710,USCU_S13,82524,2016-10-19T00:00:00.000Z,USD,S4TESTER,C
1346,OR,1710,USCU_S04,134895,2016-10-19T00:00:00.000Z,USD,S4TESTER,C
1347,OR,1710,USCU_L09,9760,2016-10-19T00:00:00.000Z,USD,S4TESTER,C
1348,OR,1710,USCU_S14,193614,2016-10-19T00:00:00.000Z,USD,S4TESTER,C
1349,OR,1710,USCU_S16,1760,2016-10-19T00:00:00.000Z,USD,S4TESTER,C
1350,OR,1710,USCU_L08,7680,2016-10-19T00:00:00.000Z,USD,S4TESTER,C
1351,OR,1710,USCU_L01,12480,2016-10-19T00:00:00.000Z,USD,S4TESTER,C
1352,OR,1710,USCU_L05,16160,2016-10-19T00:00:00.000Z,USD,S4TESTER,C
1353,OR,1710,USCU_S16,1120,2016-10-19T00:00:00.000Z,USD,S4TESTER,C
1354,OR,1710,USCU_L03,6400,2016-10-19T00:00:00.000Z,USD,S4TESTER,C
1355,OR,1710,USCU_S04,2400,2016-10-19T00:00:00.000Z,USD,S4TESTER,C
1356,OR,1710,USCU_S08,1760,2016-10-19T00:00:00.000Z,USD,S4TESTER,C
1357,OR,1710,USCU_S07,1440,2016-10-19T00:00:00.000Z,USD,S4TESTER,C
1358,OR,1710,USCU_L10,8016,2016-10-19T00:00:00.000Z,USD,S4TESTER,C
1359,OR,1710,USCU_S05,3680,2016-10-19T00:00:00.000Z,USD,S4TESTER,C
1360,OR,1710,USCU_S01,45090,2016-10-19T00:00:00.000Z,USD,S4TESTER,C
1361,OR,1710,USCU_L03,11022,2016-10-19T00:00:00.000Z,USD,S4TESTER,C
1362,OR,1710,USCU_S14,55110,2016-10-19T00:00:00.000Z,USD,S4TESTER,C
1363,OR,1710,USCU_L07,9018,2016-10-19T00:00:00.000Z,USD,S4TESTER,C
1364,OR,1710,USCU_L01,15030,2016-10-19T00:00:00.000Z,USD,S4TESTER,C
1365,OR,1710,USCU_S14,47094,2016-10-19T00:00:00.000Z,USD,S4TESTER,C
1366,OR,1710,USCU_S12,85170,2016-10-19T00:00:00.000Z,USD,S4TESTER,C
1367,OR,1710,USCU_L08,2004,2016-10-19T00:00:00.000Z,USD,S4TESTER,C
1368,OR,1710,USCU_L09,17160,2016-10-19T00:00:00.000Z,USD,S4TESTER,C
1369,OR,1710,USCU_S05,22044,2016-10-19T00:00:00.000Z,USD,S4TESTER,C
1370,OR,1710,USCU_L09,21560,2016-10-19T00:00:00.000Z,USD,S4TESTER,C
1371,OR,1710,USCU_S11,55110,2016-10-19T00:00:00.000Z,USD,S4TESTER,C
1372,OR,1710,USCU_S02,1320,2016-10-19T00:00:00.000Z,USD,S4TESTER,C
1373,OR,1710,USCU_L04,880,2016-10-19T00:00:00.000Z,USD,S4TESTER,C
1374,OR,1710,USCU_L03,3520,2016-10-19T00:00:00.000Z,USD,S4TESTER,C
1375,OR,1710,USCU_S15,2640,2016-10-19T00:00:00.000Z,USD,S4TESTER,C
1376,OR,1710,USCU_S08,5280,2016-10-19T00:00:00.000Z,USD,S4TESTER,C
1377,OR,1710,USCU_S01,5720,2016-10-19T00:00:00.000Z,USD,S4TESTER,C
1378,OR,1710,USCU_S16,4400,2016-10-19T00:00:00.000Z,USD,S4TESTER,C
1379,OR,1710,USCU_L07,3080,2016-10-19T00:00:00.000Z,USD,S4TESTER,C
1380,OR,1710,USCU_S09,1320,2016-10-19T00:00:00.000Z,USD,S4TESTER,C
1381,OR,1710,USCU_L10,5400,2016-10-19T00:00:00.000Z,USD,S4TESTER,C
1382,OR,1710,USCU_L09,6075,2016-10-19T00:00:00.000Z,USD,S4TESTER,C
1383,OR,1710,USCU_L03,8775,2016-10-19T00:00:00.000Z,USD,S4TESTER,C
1384,OR,1710,USCU_S05,5400,2016-10-19T00:00:00.000Z,USD,S4TESTER,C
1385,OR,1710,USCU_S12,10125,2016-10-19T00:00:00.000Z,USD,S4TESTER,C
1386,OR,1710,USCU_L04,2700,2016-10-19T00:00:00.000Z,USD,S4TESTER,C
1387,OR,1710,USCU_L03,1350,2016-10-19T00:00:00.000Z,USD,S4TESTER,C
1388,OR,1710,USCU_S14,14175,2016-10-19T00:00:00.000Z,USD,S4TESTER,C
1389,OR,1710,USCU_S15,24975,2016-10-19T00:00:00.000Z,USD,S4TESTER,C
1390,OR,1710,USCU_L10,13335,2016-10-19T00:00:00.000Z,USD,S4TESTER,C
1391,OR,1710,USCU_L10,32004,2016-10-19T00:00:00.000Z,USD,S4TESTER,C
1392,OR,1710,USCU_S06,39150,2016-10-19T00:00:00.000Z,USD,S4TESTER,C
1393,OR,1710,USCU_S07,6223,2016-10-19T00:00:00.000Z,USD,S4TESTER,C
1394,OR,1710,USCU_S06,8890,2016-10-19T00:00:00.000Z,USD,S4TESTER,C
1395,OR,1710,USCU_L02,2667,2016-10-19T00:00:00.000Z,USD,S4TESTER,C
1396,OR,1710,USCU_L07,4445,2016-10-19T00:00:00.000Z,USD,S4TESTER,C
1397,OR,1710,USCU_L02,8001,2016-10-19T00:00:00.000Z,USD,S4TESTER,C
1398,OR,1710,USCU_L09,23862,2016-10-19T00:00:00.000Z,USD,S4TESTER,C
1399,OR,1710,USCU_S11,15113,2016-10-19T00:00:00.000Z,USD,S4TESTER,C
1400,OR,1710,USCU_S16,11931,2016-10-19T00:00:00.000Z,USD,S4TESTER,C
1401,OR,1710,USCU_S04,21336,2016-10-19T00:00:00.000Z,USD,S4TESTER,C
1402,OR,1710,USCU_L08,47724,2016-10-19T00:00:00.000Z,USD,S4TESTER,C
1403,OR,1710,USCU_S15,35793,2016-10-19T00:00:00.000Z,USD,S4TESTER,C
1404,OR,1710,USCU_S06,27839,2016-10-19T00:00:00.000Z,USD,S4TESTER,C
1405,OR,1710,USCU_L07,23862,2016-10-19T00:00:00.000Z,USD,S4TESTER,C
1406,OR,1710,USCU_S03,87494,2016-10-19T00:00:00.000Z,USD,S4TESTER,C
1407,OR,1710,USCU_S10,87494,2016-10-19T00:00:00.000Z,USD,S4TESTER,C
1408,OR,1710,USCU_L10,4520,2016-10-19T00:00:00.000Z,USD,S4TESTER,C
1409,OR,1710,USCU_L01,1130,2016-10-19T00:00:00.000Z,USD,S4TESTER,C
1410,OR,1710,USCU_S07,115333,2016-10-19T00:00:00.000Z,USD,S4TESTER,C
1411,OR,1710,USCU_S05,2260,2016-10-19T00:00:00.000Z,USD,S4TESTER,C
1412,OR,1710,USCU_S12,2260,2016-10-19T00:00:00.000Z,USD,S4TESTER,C
1413,OR,1710,USCU_L08,34465,2016-10-19T00:00:00.000Z,USD,S4TESTER,C
1414,OR,1710,USCU_L07,4520,2016-10-19T00:00:00.000Z,USD,S4TESTER,C
1415,OR,1710,USCU_S10,5085,2016-10-19T00:00:00.000Z,USD,S4TESTER,C
1416,OR,1710,USCU_S14,31136,2016-10-19T00:00:00.000Z,USD,S4TESTER,C
1417,OR,1710,USCU_S12,38920,2016-10-19T00:00:00.000Z,USD,S4TESTER,C
1418,OR,1710,USCU_S03,62272,2016-10-19T00:00:00.000Z,USD,S4TESTER,C
1419,OR,1710,USCU_S07,58380,2016-10-19T00:00:00.000Z,USD,S4TESTER,C
1420,OR,1710,USCU_S05,155680,2016-10-19T00:00:00.000Z,USD,S4TESTER,C
1421,OR,1710,USCU_L04,7784,2016-10-19T00:00:00.000Z,USD,S4TESTER,C
1422,OR,1710,USCU_S15,11676,2016-10-19T00:00:00.000Z,USD,S4TESTER,C
1423,OR,1710,USCU_S15,85151,2016-10-19T00:00:00.000Z,USD,S4TESTER,C
1424,OR,1710,USCU_S03,178043,2016-10-19T00:00:00.000Z,USD,S4TESTER,C
1425,OR,1710,USCU_S07,108374,2016-10-19T00:00:00.000Z,USD,S4TESTER,C
1426,OR,1710,USCU_S11,46446,2016-10-19T00:00:00.000Z,USD,S4TESTER,C
1427,OR,1710,USCU_S15,123856,2016-10-19T00:00:00.000Z,USD,S4TESTER,C
1428,OR,1710,USCU_S03,85151,2016-10-19T00:00:00.000Z,USD,S4TESTER,C
1429,OR,1710,USCU_S12,440,2016-10-20T00:00:00.000Z,USD,S4TESTER,C
1430,OR,1710,USCU_L03,7741,2016-10-20T00:00:00.000Z,USD,S4TESTER,C
1431,OR,1710,USCU_L03,160,2016-10-20T00:00:00.000Z,USD,S4TESTER,C
1432,OR,1710,USCU_L09,675,2016-10-20T00:00:00.000Z,USD,S4TESTER,C
1433,OR,1710,USCU_L09,3780,2016-10-20T00:00:00.000Z,USD,S4TESTER,C
1434,OR,1710,USCU_S15,4200,2016-10-20T00:00:00.000Z,USD,S4TESTER,C
1435,OR,1710,USCU_L01,5880,2016-10-20T00:00:00.000Z,USD,S4TESTER,C
1436,OR,1710,USCU_S10,7910,2016-10-20T00:00:00.000Z,USD,S4TESTER,C
1437,OR,1710,USCU_S04,2170,2016-10-20T00:00:00.000Z,USD,S4TESTER,C
1438,OR,1710,USCU_L10,5880,2016-10-20T00:00:00.000Z,USD,S4TESTER,C
1439,OR,1710,USCU_L05,17080,2016-10-20T00:00:00.000Z,USD,S4TESTER,C
1440,OR,1710,USCU_L08,4080,2016-10-20T00:00:00.000Z,USD,S4TESTER,C
1441,OR,1710,USCU_S17,2280,2016-10-20T00:00:00.000Z,USD,S4TESTER,C
1442,OR,1710,USCU_S09,6000,2016-10-20T00:00:00.000Z,USD,S4TESTER,C
1443,OR,1710,USCU_S05,6840,2016-10-20T00:00:00.000Z,USD,S4TESTER,C
1444,OR,1710,USCU_L10,3174,2016-10-20T00:00:00.000Z,USD,S4TESTER,C
1445,OR,1710,USCU_L01,8640,2016-10-20T00:00:00.000Z,USD,S4TESTER,C
1446,OR,1710,USCU_S11,38088,2016-10-20T00:00:00.000Z,USD,S4TESTER,C
1447,OR,1710,USCU_S03,4761,2016-10-20T00:00:00.000Z,USD,S4TESTER,C
1448,OR,1710,USCU_L07,4761,2016-10-20T00:00:00.000Z,USD,S4TESTER,C
1449,OR,1710,USCU_L01,28566,2016-10-20T00:00:00.000Z,USD,S4TESTER,C
1450,OR,1710,USCU_S15,152352,2016-10-20T00:00:00.000Z,USD,S4TESTER,C
1451,OR,1710,USCU_L07,18880,2016-10-20T00:00:00.000Z,USD,S4TESTER,C
1452,OR,1710,USCU_S14,800,2016-10-20T00:00:00.000Z,USD,S4TESTER,C
1453,OR,1710,USCU_S08,960,2016-10-20T00:00:00.000Z,USD,S4TESTER,C
1454,OR,1710,USCU_S05,4640,2016-10-20T00:00:00.000Z,USD,S4TESTER,C
1455,OR,1710,USCU_L10,3006,2016-10-20T00:00:00.000Z,USD,S4TESTER,C
1456,OR,1710,USCU_L02,29058,2016-10-20T00:00:00.000Z,USD,S4TESTER,C
1457,OR,1710,USCU_L06,2004,2016-10-20T00:00:00.000Z,USD,S4TESTER,C
1458,OR,1710,USCU_S17,5010,2016-10-20T00:00:00.000Z,USD,S4TESTER,C
1459,OR,1710,USCU_L09,14080,2016-10-20T00:00:00.000Z,USD,S4TESTER,C
1460,OR,1710,USCU_S03,7014,2016-10-20T00:00:00.000Z,USD,S4TESTER,C
1461,OR,1710,USCU_S11,76152,2016-10-20T00:00:00.000Z,USD,S4TESTER,C
1462,OR,1710,USCU_S14,2200,2016-10-20T00:00:00.000Z,USD,S4TESTER,C
1463,OR,1710,USCU_L05,3960,2016-10-20T00:00:00.000Z,USD,S4TESTER,C
1464,OR,1710,USCU_S05,6600,2016-10-20T00:00:00.000Z,USD,S4TESTER,C
1465,OR,1710,USCU_L03,12320,2016-10-20T00:00:00.000Z,USD,S4TESTER,C
1466,OR,1710,USCU_S15,15525,2016-10-20T00:00:00.000Z,USD,S4TESTER,C
1467,OR,1710,USCU_S02,14175,2016-10-20T00:00:00.000Z,USD,S4TESTER,C
1468,OR,1710,USCU_S09,8100,2016-10-20T00:00:00.000Z,USD,S4TESTER,C
1469,OR,1710,USCU_L04,5400,2016-10-20T00:00:00.000Z,USD,S4TESTER,C
1470,OR,1710,USCU_L02,4725,2016-10-20T00:00:00.000Z,USD,S4TESTER,C
1471,OR,1710,USCU_L09,21336,2016-10-20T00:00:00.000Z,USD,S4TESTER,C
1472,OR,1710,USCU_L03,1778,2016-10-20T00:00:00.000Z,USD,S4TESTER,C
1473,OR,1710,USCU_S17,3556,2016-10-20T00:00:00.000Z,USD,S4TESTER,C
1474,OR,1710,USCU_S01,9779,2016-10-20T00:00:00.000Z,USD,S4TESTER,C
1475,OR,1710,USCU_S08,15113,2016-10-20T00:00:00.000Z,USD,S4TESTER,C
1476,OR,1710,USCU_L04,36449,2016-10-20T00:00:00.000Z,USD,S4TESTER,C
1477,OR,1710,USCU_L09,15908,2016-10-20T00:00:00.000Z,USD,S4TESTER,C
1478,OR,1710,USCU_S15,79540,2016-10-20T00:00:00.000Z,USD,S4TESTER,C
1479,OR,1710,USCU_L07,27839,2016-10-20T00:00:00.000Z,USD,S4TESTER,C
1480,OR,1710,USCU_S06,95448,2016-10-20T00:00:00.000Z,USD,S4TESTER,C
1481,OR,1710,USCU_L09,2260,2016-10-20T00:00:00.000Z,USD,S4TESTER,C
1482,OR,1710,USCU_S14,1130,2016-10-20T00:00:00.000Z,USD,S4TESTER,C
1483,OR,1710,USCU_S08,159080,2016-10-20T00:00:00.000Z,USD,S4TESTER,C
1484,OR,1710,USCU_S09,10170,2016-10-20T00:00:00.000Z,USD,S4TESTER,C
1485,OR,1710,USCU_L04,19775,2016-10-20T00:00:00.000Z,USD,S4TESTER,C
1486,OR,1710,USCU_L01,7910,2016-10-20T00:00:00.000Z,USD,S4TESTER,C
1487,OR,1710,USCU_S16,54488,2016-10-20T00:00:00.000Z,USD,S4TESTER,C
1488,OR,1710,USCU_S11,54488,2016-10-20T00:00:00.000Z,USD,S4TESTER,C
1489,OR,1710,USCU_S06,151788,2016-10-20T00:00:00.000Z,USD,S4TESTER,C
1490,OR,1710,USCU_S11,139338,2016-10-20T00:00:00.000Z,USD,S4TESTER,C
1491,OR,1710,USCU_S15,402532,2016-10-20T00:00:00.000Z,USD,S4TESTER,C
1492,OR,1710,USCU_S06,232230,2016-10-20T00:00:00.000Z,USD,S4TESTER,C
1493,OR,1710,USCU_L07,7741,2016-10-21T00:00:00.000Z,USD,SAP_SYSTEM,C
1494,OR,1710,USCU_L07,3892,2016-10-21T00:00:00.000Z,USD,SAP_SYSTEM,C
1495,OR,1710,USCU_S03,889,2016-10-21T00:00:00.000Z,USD,SAP_SYSTEM,C
1496,OR,1710,USCU_S14,565,2016-10-21T00:00:00.000Z,USD,SAP_SYSTEM,C
1497,OR,1710,USCU_L10,13300,2016-10-21T00:00:00.000Z,USD,SAP_SYSTEM,C
1498,OR,1710,USCU_S11,2310,2016-10-21T00:00:00.000Z,USD,SAP_SYSTEM,C
1499,OR,1710,USCU_S14,1400,2016-10-21T00:00:00.000Z,USD,SAP_SYSTEM,C
1500,OR,1710,USCU_S06,1820,2016-10-21T00:00:00.000Z,USD,SAP_SYSTEM,C
1501,OR,1710,USCU_L04,15750,2016-10-21T00:00:00.000Z,USD,SAP_SYSTEM,C
1502,OR,1710,USCU_L03,12530,2016-10-21T00:00:00.000Z,USD,SAP_SYSTEM,C
1503,OR,1710,USCU_L09,3480,2016-10-21T00:00:00.000Z,USD,SAP_SYSTEM,C
1504,OR,1710,USCU_L07,6480,2016-10-21T00:00:00.000Z,USD,SAP_SYSTEM,C
1505,OR,1710,USCU_S14,480,2016-10-21T00:00:00.000Z,USD,SAP_SYSTEM,C
1506,OR,1710,USCU_S13,2400,2016-10-21T00:00:00.000Z,USD,SAP_SYSTEM,C
1507,OR,1710,USCU_S01,12240,2016-10-21T00:00:00.000Z,USD,SAP_SYSTEM,C
1508,OR,1710,USCU_L03,12696,2016-10-21T00:00:00.000Z,USD,SAP_SYSTEM,C
1509,OR,1710,USCU_L02,19320,2016-10-21T00:00:00.000Z,USD,SAP_SYSTEM,C
1510,OR,1710,USCU_L09,11109,2016-10-21T00:00:00.000Z,USD,SAP_SYSTEM,C
1511,OR,1710,USCU_L06,7935,2016-10-21T00:00:00.000Z,USD,SAP_SYSTEM,C
1512,OR,1710,USCU_S14,265029,2016-10-21T00:00:00.000Z,USD,SAP_SYSTEM,C
1513,OR,1710,USCU_L10,7520,2016-10-21T00:00:00.000Z,USD,SAP_SYSTEM,C
1514,OR,1710,USCU_S05,277725,2016-10-21T00:00:00.000Z,USD,SAP_SYSTEM,C
1515,OR,1710,USCU_S09,68241,2016-10-21T00:00:00.000Z,USD,SAP_SYSTEM,C
1516,OR,1710,USCU_L05,8480,2016-10-21T00:00:00.000Z,USD,SAP_SYSTEM,C
1517,OR,1710,USCU_S14,1280,2016-10-21T00:00:00.000Z,USD,SAP_SYSTEM,C
1518,OR,1710,USCU_S05,4320,2016-10-21T00:00:00.000Z,USD,SAP_SYSTEM,C
1519,OR,1710,USCU_L02,3840,2016-10-21T00:00:00.000Z,USD,SAP_SYSTEM,C
1520,OR,1710,USCU_L10,10020,2016-10-21T00:00:00.000Z,USD,SAP_SYSTEM,C
1521,OR,1710,USCU_S09,2880,2016-10-21T00:00:00.000Z,USD,SAP_SYSTEM,C
1522,OR,1710,USCU_L03,13026,2016-10-21T00:00:00.000Z,USD,SAP_SYSTEM,C
1523,OR,1710,USCU_S02,124248,2016-10-21T00:00:00.000Z,USD,SAP_SYSTEM,C
1524,OR,1710,USCU_S17,23046,2016-10-21T00:00:00.000Z,USD,SAP_SYSTEM,C
1525,OR,1710,USCU_S12,124248,2016-10-21T00:00:00.000Z,USD,SAP_SYSTEM,C
1526,OR,1710,USCU_L10,22440,2016-10-21T00:00:00.000Z,USD,SAP_SYSTEM,C
1527,OR,1710,USCU_L05,5010,2016-10-21T00:00:00.000Z,USD,SAP_SYSTEM,C
1528,OR,1710,USCU_S05,3080,2016-10-21T00:00:00.000Z,USD,SAP_SYSTEM,C
1529,OR,1710,USCU_S12,11880,2016-10-21T00:00:00.000Z,USD,SAP_SYSTEM,C
1530,OR,1710,USCU_L04,16280,2016-10-21T00:00:00.000Z,USD,SAP_SYSTEM,C
1531,OR,1710,USCU_L09,6075,2016-10-21T00:00:00.000Z,USD,SAP_SYSTEM,C
1532,OR,1710,USCU_L01,11000,2016-10-21T00:00:00.000Z,USD,SAP_SYSTEM,C
1533,OR,1710,USCU_L06,6075,2016-10-21T00:00:00.000Z,USD,SAP_SYSTEM,C
1534,OR,1710,USCU_L02,2025,2016-10-21T00:00:00.000Z,USD,SAP_SYSTEM,C
1535,OR,1710,USCU_S08,3375,2016-10-21T00:00:00.000Z,USD,SAP_SYSTEM,C
1536,OR,1710,USCU_S05,35775,2016-10-21T00:00:00.000Z,USD,SAP_SYSTEM,C
1537,OR,1710,USCU_L10,18669,2016-10-21T00:00:00.000Z,USD,SAP_SYSTEM,C
1538,OR,1710,USCU_L01,9779,2016-10-21T00:00:00.000Z,USD,SAP_SYSTEM,C
1539,OR,1710,USCU_S15,3556,2016-10-21T00:00:00.000Z,USD,SAP_SYSTEM,C
1540,OR,1710,USCU_S07,2667,2016-10-21T00:00:00.000Z,USD,SAP_SYSTEM,C
1541,OR,1710,USCU_L07,13335,2016-10-21T00:00:00.000Z,USD,SAP_SYSTEM,C
1542,OR,1710,USCU_L09,39770,2016-10-21T00:00:00.000Z,USD,SAP_SYSTEM,C
1543,OR,1710,USCU_L05,7954,2016-10-21T00:00:00.000Z,USD,SAP_SYSTEM,C
1544,OR,1710,USCU_L03,15908,2016-10-21T00:00:00.000Z,USD,SAP_SYSTEM,C
1545,OR,1710,USCU_S01,27839,2016-10-21T00:00:00.000Z,USD,SAP_SYSTEM,C
1546,OR,1710,USCU_S15,91471,2016-10-21T00:00:00.000Z,USD,SAP_SYSTEM,C
1547,OR,1710,USCU_L09,7345,2016-10-21T00:00:00.000Z,USD,SAP_SYSTEM,C
1548,OR,1710,USCU_S10,155103,2016-10-21T00:00:00.000Z,USD,SAP_SYSTEM,C
1549,OR,1710,USCU_L02,2825,2016-10-21T00:00:00.000Z,USD,SAP_SYSTEM,C
1550,OR,1710,USCU_S07,5085,2016-10-21T00:00:00.000Z,USD,SAP_SYSTEM,C
1551,OR,1710,USCU_L08,12430,2016-10-21T00:00:00.000Z,USD,SAP_SYSTEM,C
1552,OR,1710,USCU_S01,4520,2016-10-21T00:00:00.000Z,USD,SAP_SYSTEM,C
1553,OR,1710,USCU_S17,7784,2016-10-21T00:00:00.000Z,USD,SAP_SYSTEM,C
1554,OR,1710,USCU_S04,108976,2016-10-21T00:00:00.000Z,USD,SAP_SYSTEM,C
1555,OR,1710,USCU_L03,11676,2016-10-21T00:00:00.000Z,USD,SAP_SYSTEM,C
1556,OR,1710,USCU_S07,50596,2016-10-21T00:00:00.000Z,USD,SAP_SYSTEM,C
1557,OR,1710,USCU_S16,15482,2016-10-21T00:00:00.000Z,USD,SAP_SYSTEM,C
1558,OR,1710,USCU_S04,255453,2016-10-21T00:00:00.000Z,USD,SAP_SYSTEM,C
1559,OR,1710,USCU_S07,301899,2016-10-21T00:00:00.000Z,USD,SAP_SYSTEM,C
1560,OR,1710,USCU_L05,3892,2016-10-22T00:00:00.000Z,USD,SAP_SYSTEM,C
1561,OR,1710,USCU_S04,675,2016-10-22T00:00:00.000Z,USD,SAP_SYSTEM,C
1562,OR,1710,USCU_L08,1587,2016-10-22T00:00:00.000Z,USD,SAP_SYSTEM,C
1563,OR,1710,USCU_S03,910,2016-10-22T00:00:00.000Z,USD,SAP_SYSTEM,C
1564,OR,1710,USCU_L02,6020,2016-10-22T00:00:00.000Z,USD,SAP_SYSTEM,C
1565,OR,1710,USCU_L10,19950,2016-10-22T00:00:00.000Z,USD,SAP_SYSTEM,C
1566,OR,1710,USCU_S17,1330,2016-10-22T00:00:00.000Z,USD,SAP_SYSTEM,C
1567,OR,1710,USCU_S09,3010,2016-10-22T00:00:00.000Z,USD,SAP_SYSTEM,C
1568,OR,1710,USCU_L07,24290,2016-10-22T00:00:00.000Z,USD,SAP_SYSTEM,C
1569,OR,1710,USCU_L10,9600,2016-10-22T00:00:00.000Z,USD,SAP_SYSTEM,C
1570,OR,1710,USCU_L07,7320,2016-10-22T00:00:00.000Z,USD,SAP_SYSTEM,C
1571,OR,1710,USCU_S05,2160,2016-10-22T00:00:00.000Z,USD,SAP_SYSTEM,C
1572,OR,1710,USCU_S11,3840,2016-10-22T00:00:00.000Z,USD,SAP_SYSTEM,C
1573,OR,1710,USCU_S17,2160,2016-10-22T00:00:00.000Z,USD,SAP_SYSTEM,C
1574,OR,1710,USCU_L01,16440,2016-10-22T00:00:00.000Z,USD,SAP_SYSTEM,C
1575,OR,1710,USCU_L10,7935,2016-10-22T00:00:00.000Z,USD,SAP_SYSTEM,C
1576,OR,1710,USCU_L02,9522,2016-10-22T00:00:00.000Z,USD,SAP_SYSTEM,C
1577,OR,1710,USCU_S12,90459,2016-10-22T00:00:00.000Z,USD,SAP_SYSTEM,C
1578,OR,1710,USCU_S16,12696,2016-10-22T00:00:00.000Z,USD,SAP_SYSTEM,C
1579,OR,1710,USCU_L09,10080,2016-10-22T00:00:00.000Z,USD,SAP_SYSTEM,C
1580,OR,1710,USCU_S04,287247,2016-10-22T00:00:00.000Z,USD,SAP_SYSTEM,C
1581,OR,1710,USCU_L01,12160,2016-10-22T00:00:00.000Z,USD,SAP_SYSTEM,C
1582,OR,1710,USCU_L05,2880,2016-10-22T00:00:00.000Z,USD,SAP_SYSTEM,C
1583,OR,1710,USCU_S01,2240,2016-10-22T00:00:00.000Z,USD,SAP_SYSTEM,C
1584,OR,1710,USCU_S16,1440,2016-10-22T00:00:00.000Z,USD,SAP_SYSTEM,C
1585,OR,1710,USCU_L09,10020,2016-10-22T00:00:00.000Z,USD,SAP_SYSTEM,C
1586,OR,1710,USCU_S11,480,2016-10-22T00:00:00.000Z,USD,SAP_SYSTEM,C
1587,OR,1710,USCU_S14,109218,2016-10-22T00:00:00.000Z,USD,SAP_SYSTEM,C
1588,OR,1710,USCU_L04,8016,2016-10-22T00:00:00.000Z,USD,SAP_SYSTEM,C
1589,OR,1710,USCU_L03,19038,2016-10-22T00:00:00.000Z,USD,SAP_SYSTEM,C
1590,OR,1710,USCU_L10,23320,2016-10-22T00:00:00.000Z,USD,SAP_SYSTEM,C
1591,OR,1710,USCU_S03,120240,2016-10-22T00:00:00.000Z,USD,SAP_SYSTEM,C
1592,OR,1710,USCU_S08,94188,2016-10-22T00:00:00.000Z,USD,SAP_SYSTEM,C
1593,OR,1710,USCU_S07,3080,2016-10-22T00:00:00.000Z,USD,SAP_SYSTEM,C
1594,OR,1710,USCU_L02,1760,2016-10-22T00:00:00.000Z,USD,SAP_SYSTEM,C
1595,OR,1710,USCU_S03,5720,2016-10-22T00:00:00.000Z,USD,SAP_SYSTEM,C
1596,OR,1710,USCU_L01,8775,2016-10-22T00:00:00.000Z,USD,SAP_SYSTEM,C
1597,OR,1710,USCU_L10,2025,2016-10-22T00:00:00.000Z,USD,SAP_SYSTEM,C
1598,OR,1710,USCU_L04,29040,2016-10-22T00:00:00.000Z,USD,SAP_SYSTEM,C
1599,OR,1710,USCU_L07,4050,2016-10-22T00:00:00.000Z,USD,SAP_SYSTEM,C
1600,OR,1710,USCU_L09,30226,2016-10-22T00:00:00.000Z,USD,SAP_SYSTEM,C
1601,OR,1710,USCU_S16,19575,2016-10-22T00:00:00.000Z,USD,SAP_SYSTEM,C
1602,OR,1710,USCU_S12,11557,2016-10-22T00:00:00.000Z,USD,SAP_SYSTEM,C
1603,OR,1710,USCU_L02,2667,2016-10-22T00:00:00.000Z,USD,SAP_SYSTEM,C
1604,OR,1710,USCU_L07,13335,2016-10-22T00:00:00.000Z,USD,SAP_SYSTEM,C
1605,OR,1710,USCU_S15,5334,2016-10-22T00:00:00.000Z,USD,SAP_SYSTEM,C
1606,OR,1710,USCU_S01,8890,2016-10-22T00:00:00.000Z,USD,SAP_SYSTEM,C
1607,OR,1710,USCU_L01,11931,2016-10-22T00:00:00.000Z,USD,SAP_SYSTEM,C
1608,OR,1710,USCU_L10,23862,2016-10-22T00:00:00.000Z,USD,SAP_SYSTEM,C
1609,OR,1710,USCU_L06,23862,2016-10-22T00:00:00.000Z,USD,SAP_SYSTEM,C
1610,OR,1710,USCU_L10,5085,2016-10-22T00:00:00.000Z,USD,SAP_SYSTEM,C
1611,OR,1710,USCU_S17,111356,2016-10-22T00:00:00.000Z,USD,SAP_SYSTEM,C
1612,OR,1710,USCU_S16,2260,2016-10-22T00:00:00.000Z,USD,SAP_SYSTEM,C
1613,OR,1710,USCU_S06,123287,2016-10-22T00:00:00.000Z,USD,SAP_SYSTEM,C
1614,OR,1710,USCU_S08,95448,2016-10-22T00:00:00.000Z,USD,SAP_SYSTEM,C
1615,OR,1710,USCU_L02,5650,2016-10-22T00:00:00.000Z,USD,SAP_SYSTEM,C
1616,OR,1710,USCU_S02,5085,2016-10-22T00:00:00.000Z,USD,SAP_SYSTEM,C
1617,OR,1710,USCU_L06,34465,2016-10-22T00:00:00.000Z,USD,SAP_SYSTEM,C
1618,OR,1710,USCU_S13,5650,2016-10-22T00:00:00.000Z,USD,SAP_SYSTEM,C
1619,OR,1710,USCU_L01,7784,2016-10-22T00:00:00.000Z,USD,SAP_SYSTEM,C
1620,OR,1710,USCU_S10,38920,2016-10-22T00:00:00.000Z,USD,SAP_SYSTEM,C
1621,OR,1710,USCU_S16,15568,2016-10-22T00:00:00.000Z,USD,SAP_SYSTEM,C
1622,OR,1710,USCU_S12,61928,2016-10-22T00:00:00.000Z,USD,SAP_SYSTEM,C
1623,OR,1710,USCU_S14,38705,2016-10-22T00:00:00.000Z,USD,SAP_SYSTEM,C
1624,OR,1710,USCU_S04,46446,2016-10-22T00:00:00.000Z,USD,SAP_SYSTEM,C
1625,OR,1710,USCU_L03,7741,2016-10-23T00:00:00.000Z,USD,SAP_SYSTEM,C
1626,OR,1710,USCU_L03,675,2016-10-23T00:00:00.000Z,USD,SAP_SYSTEM,C
1627,OR,1710,USCU_L05,7741,2016-10-23T00:00:00.000Z,USD,SAP_SYSTEM,C
1628,OR,1710,USCU_L07,3892,2016-10-23T00:00:00.000Z,USD,SAP_SYSTEM,C
1629,OR,1710,USCU_L03,889,2016-10-23T00:00:00.000Z,USD,SAP_SYSTEM,C
1630,OR,1710,USCU_L06,1050,2016-10-23T00:00:00.000Z,USD,SAP_SYSTEM,C
1631,OR,1710,USCU_L10,18130,2016-10-23T00:00:00.000Z,USD,SAP_SYSTEM,C
1632,OR,1710,USCU_L02,6580,2016-10-23T00:00:00.000Z,USD,SAP_SYSTEM,C
1633,OR,1710,USCU_S16,6580,2016-10-23T00:00:00.000Z,USD,SAP_SYSTEM,C
1634,OR,1710,USCU_S05,2730,2016-10-23T00:00:00.000Z,USD,SAP_SYSTEM,C
1635,OR,1710,USCU_S08,5740,2016-10-23T00:00:00.000Z,USD,SAP_SYSTEM,C
1636,OR,1710,USCU_L10,9480,2016-10-23T00:00:00.000Z,USD,SAP_SYSTEM,C
1637,OR,1710,USCU_S15,840,2016-10-23T00:00:00.000Z,USD,SAP_SYSTEM,C
1638,OR,1710,USCU_L04,6000,2016-10-23T00:00:00.000Z,USD,SAP_SYSTEM,C
1639,OR,1710,USCU_S04,5760,2016-10-23T00:00:00.000Z,USD,SAP_SYSTEM,C
1640,OR,1710,USCU_S10,4800,2016-10-23T00:00:00.000Z,USD,SAP_SYSTEM,C
1641,OR,1710,USCU_L03,22680,2016-10-23T00:00:00.000Z,USD,SAP_SYSTEM,C
1642,OR,1710,USCU_L03,41262,2016-10-23T00:00:00.000Z,USD,SAP_SYSTEM,C
1643,OR,1710,USCU_L10,12696,2016-10-23T00:00:00.000Z,USD,SAP_SYSTEM,C
1644,OR,1710,USCU_L06,20631,2016-10-23T00:00:00.000Z,USD,SAP_SYSTEM,C
1645,OR,1710,USCU_S13,30153,2016-10-23T00:00:00.000Z,USD,SAP_SYSTEM,C
1646,OR,1710,USCU_L09,960,2016-10-23T00:00:00.000Z,USD,SAP_SYSTEM,C
1647,OR,1710,USCU_S03,309465,2016-10-23T00:00:00.000Z,USD,SAP_SYSTEM,C
1648,OR,1710,USCU_S15,287247,2016-10-23T00:00:00.000Z,USD,SAP_SYSTEM,C
1649,OR,1710,USCU_L03,3360,2016-10-23T00:00:00.000Z,USD,SAP_SYSTEM,C
1650,OR,1710,USCU_L07,3680,2016-10-23T00:00:00.000Z,USD,SAP_SYSTEM,C
1651,OR,1710,USCU_S16,1440,2016-10-23T00:00:00.000Z,USD,SAP_SYSTEM,C
1652,OR,1710,USCU_S11,2880,2016-10-23T00:00:00.000Z,USD,SAP_SYSTEM,C
1653,OR,1710,USCU_L10,10020,2016-10-23T00:00:00.000Z,USD,SAP_SYSTEM,C
1654,OR,1710,USCU_L02,18036,2016-10-23T00:00:00.000Z,USD,SAP_SYSTEM,C
1655,OR,1710,USCU_S16,107214,2016-10-23T00:00:00.000Z,USD,SAP_SYSTEM,C
1656,OR,1710,USCU_L04,7014,2016-10-23T00:00:00.000Z,USD,SAP_SYSTEM,C
1657,OR,1710,USCU_S09,48096,2016-10-23T00:00:00.000Z,USD,SAP_SYSTEM,C
1658,OR,1710,USCU_S04,145290,2016-10-23T00:00:00.000Z,USD,SAP_SYSTEM,C
1659,OR,1710,USCU_L09,7480,2016-10-23T00:00:00.000Z,USD,SAP_SYSTEM,C
1660,OR,1710,USCU_S15,5720,2016-10-23T00:00:00.000Z,USD,SAP_SYSTEM,C
1661,OR,1710,USCU_L02,4400,2016-10-23T00:00:00.000Z,USD,SAP_SYSTEM,C
1662,OR,1710,USCU_S08,6160,2016-10-23T00:00:00.000Z,USD,SAP_SYSTEM,C
1663,OR,1710,USCU_S06,3080,2016-10-23T00:00:00.000Z,USD,SAP_SYSTEM,C
1664,OR,1710,USCU_L10,4725,2016-10-23T00:00:00.000Z,USD,SAP_SYSTEM,C
1665,OR,1710,USCU_L08,25520,2016-10-23T00:00:00.000Z,USD,SAP_SYSTEM,C
1666,OR,1710,USCU_S14,15525,2016-10-23T00:00:00.000Z,USD,SAP_SYSTEM,C
1667,OR,1710,USCU_S08,7425,2016-10-23T00:00:00.000Z,USD,SAP_SYSTEM,C
1668,OR,1710,USCU_L05,2700,2016-10-23T00:00:00.000Z,USD,SAP_SYSTEM,C
1669,OR,1710,USCU_S02,3375,2016-10-23T00:00:00.000Z,USD,SAP_SYSTEM,C
1670,OR,1710,USCU_S14,1778,2016-10-23T00:00:00.000Z,USD,SAP_SYSTEM,C
1671,OR,1710,USCU_L09,9779,2016-10-23T00:00:00.000Z,USD,SAP_SYSTEM,C
1672,OR,1710,USCU_S10,10668,2016-10-23T00:00:00.000Z,USD,SAP_SYSTEM,C
1673,OR,1710,USCU_S02,11557,2016-10-23T00:00:00.000Z,USD,SAP_SYSTEM,C
1674,OR,1710,USCU_L10,15908,2016-10-23T00:00:00.000Z,USD,SAP_SYSTEM,C
1675,OR,1710,USCU_L07,36449,2016-10-23T00:00:00.000Z,USD,SAP_SYSTEM,C
1676,OR,1710,USCU_L08,7954,2016-10-23T00:00:00.000Z,USD,SAP_SYSTEM,C
1677,OR,1710,USCU_S16,67609,2016-10-23T00:00:00.000Z,USD,SAP_SYSTEM,C
1678,OR,1710,USCU_L03,19885,2016-10-23T00:00:00.000Z,USD,SAP_SYSTEM,C
1679,OR,1710,USCU_S13,95448,2016-10-23T00:00:00.000Z,USD,SAP_SYSTEM,C
1680,OR,1710,USCU_L01,1695,2016-10-23T00:00:00.000Z,USD,SAP_SYSTEM,C
1681,OR,1710,USCU_S09,1695,2016-10-23T00:00:00.000Z,USD,SAP_SYSTEM,C
1682,OR,1710,USCU_L10,6780,2016-10-23T00:00:00.000Z,USD,SAP_SYSTEM,C
1683,OR,1710,USCU_S14,1695,2016-10-23T00:00:00.000Z,USD,SAP_SYSTEM,C
1684,OR,1710,USCU_S06,119310,2016-10-23T00:00:00.000Z,USD,SAP_SYSTEM,C
1685,OR,1710,USCU_S02,2825,2016-10-23T00:00:00.000Z,USD,SAP_SYSTEM,C
1686,OR,1710,USCU_L05,6215,2016-10-23T00:00:00.000Z,USD,SAP_SYSTEM,C
1687,OR,1710,USCU_L02,11676,2016-10-23T00:00:00.000Z,USD,SAP_SYSTEM,C
1688,OR,1710,USCU_S01,97300,2016-10-23T00:00:00.000Z,USD,SAP_SYSTEM,C
1689,OR,1710,USCU_S08,58380,2016-10-23T00:00:00.000Z,USD,SAP_SYSTEM,C
1690,OR,1710,USCU_S17,19460,2016-10-23T00:00:00.000Z,USD,SAP_SYSTEM,C
1691,OR,1710,USCU_S04,123856,2016-10-23T00:00:00.000Z,USD,SAP_SYSTEM,C
1692,OR,1710,USCU_S07,255453,2016-10-23T00:00:00.000Z,USD,SAP_SYSTEM,C
1693,OR,1710,USCU_S16,309640,2016-10-23T00:00:00.000Z,USD,SAP_SYSTEM,C
1694,OR,1710,USCU_L04,1002,2016-10-24T00:00:00.000Z,USD,SAP_SYSTEM,C
1695,OR,1710,USCU_L02,3892,2016-10-24T00:00:00.000Z,USD,SAP_SYSTEM,C
1696,OR,1710,USCU_S07,7741,2016-10-24T00:00:00.000Z,USD,SAP_SYSTEM,C
1697,OR,1710,USCU_S14,889,2016-10-24T00:00:00.000Z,USD,SAP_SYSTEM,C
1698,OR,1710,USCU_L01,7741,2016-10-24T00:00:00.000Z,USD,SAP_SYSTEM,C
1699,OR,1710,USCU_L09,7741,2016-10-24T00:00:00.000Z,USD,SAP_SYSTEM,C
1700,OR,1710,USCU_L09,675,2016-10-24T00:00:00.000Z,USD,SAP_SYSTEM,C
1701,OR,1710,USCU_L10,3360,2016-10-24T00:00:00.000Z,USD,SAP_SYSTEM,C
1702,OR,1710,USCU_L02,22190,2016-10-24T00:00:00.000Z,USD,SAP_SYSTEM,C
1703,OR,1710,USCU_S12,10640,2016-10-24T00:00:00.000Z,USD,SAP_SYSTEM,C
1704,OR,1710,USCU_S16,2520,2016-10-24T00:00:00.000Z,USD,SAP_SYSTEM,C
1705,OR,1710,USCU_S04,2310,2016-10-24T00:00:00.000Z,USD,SAP_SYSTEM,C
1706,OR,1710,USCU_L10,11400,2016-10-24T00:00:00.000Z,USD,SAP_SYSTEM,C
1707,OR,1710,USCU_L07,23380,2016-10-24T00:00:00.000Z,USD,SAP_SYSTEM,C
1708,OR,1710,USCU_L02,840,2016-10-24T00:00:00.000Z,USD,SAP_SYSTEM,C
1709,OR,1710,USCU_S17,1080,2016-10-24T00:00:00.000Z,USD,SAP_SYSTEM,C
1710,OR,1710,USCU_L03,22218,2016-10-24T00:00:00.000Z,USD,SAP_SYSTEM,C
1711,OR,1710,USCU_L10,30153,2016-10-24T00:00:00.000Z,USD,SAP_SYSTEM,C
1712,OR,1710,USCU_S06,14400,2016-10-24T00:00:00.000Z,USD,SAP_SYSTEM,C
1713,OR,1710,USCU_L04,13680,2016-10-24T00:00:00.000Z,USD,SAP_SYSTEM,C
1714,OR,1710,USCU_L08,12696,2016-10-24T00:00:00.000Z,USD,SAP_SYSTEM,C
1715,OR,1710,USCU_L09,3040,2016-10-24T00:00:00.000Z,USD,SAP_SYSTEM,C
1716,OR,1710,USCU_S15,236463,2016-10-24T00:00:00.000Z,USD,SAP_SYSTEM,C
1717,OR,1710,USCU_S09,68241,2016-10-24T00:00:00.000Z,USD,SAP_SYSTEM,C
1718,OR,1710,USCU_S01,117438,2016-10-24T00:00:00.000Z,USD,SAP_SYSTEM,C
1719,OR,1710,USCU_L05,9760,2016-10-24T00:00:00.000Z,USD,SAP_SYSTEM,C
1720,OR,1710,USCU_L02,11200,2016-10-24T00:00:00.000Z,USD,SAP_SYSTEM,C
1721,OR,1710,USCU_S12,800,2016-10-24T00:00:00.000Z,USD,SAP_SYSTEM,C
1722,OR,1710,USCU_S04,640,2016-10-24T00:00:00.000Z,USD,SAP_SYSTEM,C
1723,OR,1710,USCU_S16,7014,2016-10-24T00:00:00.000Z,USD,SAP_SYSTEM,C
1724,OR,1710,USCU_S02,53106,2016-10-24T00:00:00.000Z,USD,SAP_SYSTEM,C
1725,OR,1710,USCU_L02,4008,2016-10-24T00:00:00.000Z,USD,SAP_SYSTEM,C
1726,OR,1710,USCU_S08,108216,2016-10-24T00:00:00.000Z,USD,SAP_SYSTEM,C
1727,OR,1710,USCU_L09,12760,2016-10-24T00:00:00.000Z,USD,SAP_SYSTEM,C
1728,OR,1710,USCU_S17,3080,2016-10-24T00:00:00.000Z,USD,SAP_SYSTEM,C
1729,OR,1710,USCU_L01,4400,2016-10-24T00:00:00.000Z,USD,SAP_SYSTEM,C
1730,OR,1710,USCU_S05,4840,2016-10-24T00:00:00.000Z,USD,SAP_SYSTEM,C
1731,OR,1710,USCU_S12,9680,2016-10-24T00:00:00.000Z,USD,SAP_SYSTEM,C
1732,OR,1710,USCU_L04,22440,2016-10-24T00:00:00.000Z,USD,SAP_SYSTEM,C
1733,OR,1710,USCU_L02,10800,2016-10-24T00:00:00.000Z,USD,SAP_SYSTEM,C
1734,OR,1710,USCU_L07,2025,2016-10-24T00:00:00.000Z,USD,SAP_SYSTEM,C
1735,OR,1710,USCU_S01,45900,2016-10-24T00:00:00.000Z,USD,SAP_SYSTEM,C
1736,OR,1710,USCU_L03,1778,2016-10-24T00:00:00.000Z,USD,SAP_SYSTEM,C
1737,OR,1710,USCU_L09,34671,2016-10-24T00:00:00.000Z,USD,SAP_SYSTEM,C
1738,OR,1710,USCU_S17,22950,2016-10-24T00:00:00.000Z,USD,SAP_SYSTEM,C
1739,OR,1710,USCU_S13,26325,2016-10-24T00:00:00.000Z,USD,SAP_SYSTEM,C
1740,OR,1710,USCU_S13,13335,2016-10-24T00:00:00.000Z,USD,SAP_SYSTEM,C
1741,OR,1710,USCU_L01,15908,2016-10-24T00:00:00.000Z,USD,SAP_SYSTEM,C
1742,OR,1710,USCU_L04,36449,2016-10-24T00:00:00.000Z,USD,SAP_SYSTEM,C
1743,OR,1710,USCU_S03,17780,2016-10-24T00:00:00.000Z,USD,SAP_SYSTEM,C
1744,OR,1710,USCU_L10,23862,2016-10-24T00:00:00.000Z,USD,SAP_SYSTEM,C
1745,OR,1710,USCU_L08,55678,2016-10-24T00:00:00.000Z,USD,SAP_SYSTEM,C
1746,OR,1710,USCU_L10,5085,2016-10-24T00:00:00.000Z,USD,SAP_SYSTEM,C
1747,OR,1710,USCU_S05,135218,2016-10-24T00:00:00.000Z,USD,SAP_SYSTEM,C
1748,OR,1710,USCU_S16,135218,2016-10-24T00:00:00.000Z,USD,SAP_SYSTEM,C
1749,OR,1710,USCU_S09,107379,2016-10-24T00:00:00.000Z,USD,SAP_SYSTEM,C
1750,OR,1710,USCU_S11,6215,2016-10-24T00:00:00.000Z,USD,SAP_SYSTEM,C
1751,OR,1710,USCU_S06,3390,2016-10-24T00:00:00.000Z,USD,SAP_SYSTEM,C
1752,OR,1710,USCU_L01,7345,2016-10-24T00:00:00.000Z,USD,SAP_SYSTEM,C
1753,OR,1710,USCU_S14,19460,2016-10-24T00:00:00.000Z,USD,SAP_SYSTEM,C
1754,OR,1710,USCU_S09,35028,2016-10-24T00:00:00.000Z,USD,SAP_SYSTEM,C
1755,OR,1710,USCU_S01,140112,2016-10-24T00:00:00.000Z,USD,SAP_SYSTEM,C
1756,OR,1710,USCU_S16,23223,2016-10-24T00:00:00.000Z,USD,SAP_SYSTEM,C
1757,OR,1710,USCU_S06,46446,2016-10-24T00:00:00.000Z,USD,SAP_SYSTEM,C
1758,OR,1710,USCU_L09,7741,2016-10-25T00:00:00.000Z,USD,S4TESTER,C
1759,OR,1710,USCU_S17,440,2016-10-25T00:00:00.000Z,USD,S4TESTER,C
1760,OR,1710,USCU_L09,18480,2016-10-25T00:00:00.000Z,USD,S4TESTER,C
1761,OR,1710,USCU_L01,910,2016-10-25T00:00:00.000Z,USD,S4TESTER,C
1762,OR,1710,USCU_S10,1890,2016-10-25T00:00:00.000Z,USD,S4TESTER,C
1763,OR,1710,USCU_S03,1330,2016-10-25T00:00:00.000Z,USD,S4TESTER,C
1764,OR,1710,USCU_S15,490,2016-10-25T00:00:00.000Z,USD,S4TESTER,C
1765,OR,1710,USCU_L04,14980,2016-10-25T00:00:00.000Z,USD,S4TESTER,C
1766,OR,1710,USCU_L09,5520,2016-10-25T00:00:00.000Z,USD,S4TESTER,C
1767,OR,1710,USCU_S01,6720,2016-10-25T00:00:00.000Z,USD,S4TESTER,C
1768,OR,1710,USCU_S14,1200,2016-10-25T00:00:00.000Z,USD,S4TESTER,C
1769,OR,1710,USCU_S09,2760,2016-10-25T00:00:00.000Z,USD,S4TESTER,C
1770,OR,1710,USCU_L05,15360,2016-10-25T00:00:00.000Z,USD,S4TESTER,C
1771,OR,1710,USCU_L09,6348,2016-10-25T00:00:00.000Z,USD,S4TESTER,C
1772,OR,1710,USCU_L03,16800,2016-10-25T00:00:00.000Z,USD,S4TESTER,C
1773,OR,1710,USCU_L01,19044,2016-10-25T00:00:00.000Z,USD,S4TESTER,C
1774,OR,1710,USCU_L05,12696,2016-10-25T00:00:00.000Z,USD,S4TESTER,C
1775,OR,1710,USCU_S09,36501,2016-10-25T00:00:00.000Z,USD,S4TESTER,C
1776,OR,1710,USCU_S14,106329,2016-10-25T00:00:00.000Z,USD,S4TESTER,C
1777,OR,1710,USCU_L01,11040,2016-10-25T00:00:00.000Z,USD,S4TESTER,C
1778,OR,1710,USCU_S02,204723,2016-10-25T00:00:00.000Z,USD,S4TESTER,C
1779,OR,1710,USCU_L10,1600,2016-10-25T00:00:00.000Z,USD,S4TESTER,C
1780,OR,1710,USCU_S16,1600,2016-10-25T00:00:00.000Z,USD,S4TESTER,C
1781,OR,1710,USCU_S05,2240,2016-10-25T00:00:00.000Z,USD,S4TESTER,C
1782,OR,1710,USCU_L05,320,2016-10-25T00:00:00.000Z,USD,S4TESTER,C
1783,OR,1710,USCU_S07,800,2016-10-25T00:00:00.000Z,USD,S4TESTER,C
1784,OR,1710,USCU_L09,5010,2016-10-25T00:00:00.000Z,USD,S4TESTER,C
1785,OR,1710,USCU_L01,4008,2016-10-25T00:00:00.000Z,USD,S4TESTER,C
1786,OR,1710,USCU_S17,90180,2016-10-25T00:00:00.000Z,USD,S4TESTER,C
1787,OR,1710,USCU_L04,8016,2016-10-25T00:00:00.000Z,USD,S4TESTER,C
1788,OR,1710,USCU_S05,173346,2016-10-25T00:00:00.000Z,USD,S4TESTER,C
1789,OR,1710,USCU_L10,12760,2016-10-25T00:00:00.000Z,USD,S4TESTER,C
1790,OR,1710,USCU_S07,51102,2016-10-25T00:00:00.000Z,USD,S4TESTER,C
1791,OR,1710,USCU_S09,5720,2016-10-25T00:00:00.000Z,USD,S4TESTER,C
1792,OR,1710,USCU_S05,3520,2016-10-25T00:00:00.000Z,USD,S4TESTER,C
1793,OR,1710,USCU_L01,3520,2016-10-25T00:00:00.000Z,USD,S4TESTER,C
1794,OR,1710,USCU_L09,3375,2016-10-25T00:00:00.000Z,USD,S4TESTER,C
1795,OR,1710,USCU_L08,23320,2016-10-25T00:00:00.000Z,USD,S4TESTER,C
1796,OR,1710,USCU_S07,6750,2016-10-25T00:00:00.000Z,USD,S4TESTER,C
1797,OR,1710,USCU_L02,6750,2016-10-25T00:00:00.000Z,USD,S4TESTER,C
1798,OR,1710,USCU_L07,1350,2016-10-25T00:00:00.000Z,USD,S4TESTER,C
1799,OR,1710,USCU_S17,29700,2016-10-25T00:00:00.000Z,USD,S4TESTER,C
1800,OR,1710,USCU_L10,1778,2016-10-25T00:00:00.000Z,USD,S4TESTER,C
1801,OR,1710,USCU_S16,1778,2016-10-25T00:00:00.000Z,USD,S4TESTER,C
1802,OR,1710,USCU_S04,31050,2016-10-25T00:00:00.000Z,USD,S4TESTER,C
1803,OR,1710,USCU_L03,12446,2016-10-25T00:00:00.000Z,USD,S4TESTER,C
1804,OR,1710,USCU_L05,15113,2016-10-25T00:00:00.000Z,USD,S4TESTER,C
1805,OR,1710,USCU_S04,8001,2016-10-25T00:00:00.000Z,USD,S4TESTER,C
1806,OR,1710,USCU_S09,6223,2016-10-25T00:00:00.000Z,USD,S4TESTER,C
1807,OR,1710,USCU_L10,39770,2016-10-25T00:00:00.000Z,USD,S4TESTER,C
1808,OR,1710,USCU_S09,7954,2016-10-25T00:00:00.000Z,USD,S4TESTER,C
1809,OR,1710,USCU_L03,11931,2016-10-25T00:00:00.000Z,USD,S4TESTER,C
1810,OR,1710,USCU_S14,27839,2016-10-25T00:00:00.000Z,USD,S4TESTER,C
1811,OR,1710,USCU_L05,47724,2016-10-25T00:00:00.000Z,USD,S4TESTER,C
1812,OR,1710,USCU_L10,16950,2016-10-25T00:00:00.000Z,USD,S4TESTER,C
1813,OR,1710,USCU_S04,91471,2016-10-25T00:00:00.000Z,USD,S4TESTER,C
1814,OR,1710,USCU_S11,3390,2016-10-25T00:00:00.000Z,USD,S4TESTER,C
1815,OR,1710,USCU_S15,3390,2016-10-25T00:00:00.000Z,USD,S4TESTER,C
1816,OR,1710,USCU_S03,4520,2016-10-25T00:00:00.000Z,USD,S4TESTER,C
1817,OR,1710,USCU_L01,7345,2016-10-25T00:00:00.000Z,USD,S4TESTER,C
1818,OR,1710,USCU_S17,11676,2016-10-25T00:00:00.000Z,USD,S4TESTER,C
1819,OR,1710,USCU_L07,15820,2016-10-25T00:00:00.000Z,USD,S4TESTER,C
1820,OR,1710,USCU_L01,7784,2016-10-25T00:00:00.000Z,USD,S4TESTER,C
1821,OR,1710,USCU_S11,50596,2016-10-25T00:00:00.000Z,USD,S4TESTER,C
1822,OR,1710,USCU_S02,31136,2016-10-25T00:00:00.000Z,USD,S4TESTER,C
1823,OR,1710,USCU_S12,100633,2016-10-25T00:00:00.000Z,USD,S4TESTER,C
1824,OR,1710,USCU_S15,332863,2016-10-25T00:00:00.000Z,USD,S4TESTER,C
1825,OR,1710,USCU_S02,23223,2016-10-25T00:00:00.000Z,USD,S4TESTER,C
1826,OR,1710,17100005,35.1,2016-10-25T00:00:00.000Z,USD,CB9980000130,C
1827,OR,1710,17100005,35.1,2016-10-25T00:00:00.000Z,USD,CB9980000065,C
1828,OR,1710,USCU_L04,7741,2016-10-26T00:00:00.000Z,USD,SAP_SYSTEM,C
1829,OR,1710,USCU_S17,3892,2016-10-26T00:00:00.000Z,USD,SAP_SYSTEM,C
1830,OR,1710,USCU_S15,889,2016-10-26T00:00:00.000Z,USD,SAP_SYSTEM,C
1831,OR,1710,USCU_L08,440,2016-10-26T00:00:00.000Z,USD,SAP_SYSTEM,C
1832,OR,1710,USCU_L10,17360,2016-10-26T00:00:00.000Z,USD,SAP_SYSTEM,C
1833,OR,1710,USCU_S03,1190,2016-10-26T00:00:00.000Z,USD,SAP_SYSTEM,C
1834,OR,1710,USCU_L01,10780,2016-10-26T00:00:00.000Z,USD,SAP_SYSTEM,C
1835,OR,1710,USCU_S08,2660,2016-10-26T00:00:00.000Z,USD,SAP_SYSTEM,C
1836,OR,1710,USCU_S17,6790,2016-10-26T00:00:00.000Z,USD,SAP_SYSTEM,C
1837,OR,1710,USCU_S16,1680,2016-10-26T00:00:00.000Z,USD,SAP_SYSTEM,C
1838,OR,1710,USCU_L10,9120,2016-10-26T00:00:00.000Z,USD,SAP_SYSTEM,C
1839,OR,1710,USCU_S12,1680,2016-10-26T00:00:00.000Z,USD,SAP_SYSTEM,C
1840,OR,1710,USCU_L07,8960,2016-10-26T00:00:00.000Z,USD,SAP_SYSTEM,C
1841,OR,1710,USCU_S02,7920,2016-10-26T00:00:00.000Z,USD,SAP_SYSTEM,C
1842,OR,1710,USCU_L01,20640,2016-10-26T00:00:00.000Z,USD,SAP_SYSTEM,C
1843,OR,1710,USCU_L03,34914,2016-10-26T00:00:00.000Z,USD,SAP_SYSTEM,C
1844,OR,1710,USCU_L06,14880,2016-10-26T00:00:00.000Z,USD,SAP_SYSTEM,C
1845,OR,1710,USCU_L05,4761,2016-10-26T00:00:00.000Z,USD,SAP_SYSTEM,C
1846,OR,1710,USCU_S11,85698,2016-10-26T00:00:00.000Z,USD,SAP_SYSTEM,C
1847,OR,1710,USCU_S16,222180,2016-10-26T00:00:00.000Z,USD,SAP_SYSTEM,C
1848,OR,1710,USCU_L01,3200,2016-10-26T00:00:00.000Z,USD,SAP_SYSTEM,C
1849,OR,1710,USCU_S05,96807,2016-10-26T00:00:00.000Z,USD,SAP_SYSTEM,C
1850,OR,1710,USCU_L09,9440,2016-10-26T00:00:00.000Z,USD,SAP_SYSTEM,C
1851,OR,1710,USCU_S15,1600,2016-10-26T00:00:00.000Z,USD,SAP_SYSTEM,C
1852,OR,1710,USCU_L07,18400,2016-10-26T00:00:00.000Z,USD,SAP_SYSTEM,C
1853,OR,1710,USCU_S03,1440,2016-10-26T00:00:00.000Z,USD,SAP_SYSTEM,C
1854,OR,1710,USCU_S09,1120,2016-10-26T00:00:00.000Z,USD,SAP_SYSTEM,C
1855,OR,1710,USCU_L02,21042,2016-10-26T00:00:00.000Z,USD,SAP_SYSTEM,C
1856,OR,1710,USCU_L09,8016,2016-10-26T00:00:00.000Z,USD,SAP_SYSTEM,C
1857,OR,1710,USCU_S17,92184,2016-10-26T00:00:00.000Z,USD,SAP_SYSTEM,C
1858,OR,1710,USCU_S05,173346,2016-10-26T00:00:00.000Z,USD,SAP_SYSTEM,C
1859,OR,1710,USCU_L08,6012,2016-10-26T00:00:00.000Z,USD,SAP_SYSTEM,C
1860,OR,1710,USCU_S11,70140,2016-10-26T00:00:00.000Z,USD,SAP_SYSTEM,C
1861,OR,1710,USCU_L09,3520,2016-10-26T00:00:00.000Z,USD,SAP_SYSTEM,C
1862,OR,1710,USCU_S15,2200,2016-10-26T00:00:00.000Z,USD,SAP_SYSTEM,C
1863,OR,1710,USCU_S02,2200,2016-10-26T00:00:00.000Z,USD,SAP_SYSTEM,C
1864,OR,1710,USCU_L02,7920,2016-10-26T00:00:00.000Z,USD,SAP_SYSTEM,C
1865,OR,1710,USCU_S07,7480,2016-10-26T00:00:00.000Z,USD,SAP_SYSTEM,C
1866,OR,1710,USCU_L10,2025,2016-10-26T00:00:00.000Z,USD,SAP_SYSTEM,C
1867,OR,1710,USCU_S14,10800,2016-10-26T00:00:00.000Z,USD,SAP_SYSTEM,C
1868,OR,1710,USCU_L04,6075,2016-10-26T00:00:00.000Z,USD,SAP_SYSTEM,C
1869,OR,1710,USCU_L01,8100,2016-10-26T00:00:00.000Z,USD,SAP_SYSTEM,C
1870,OR,1710,USCU_L09,14224,2016-10-26T00:00:00.000Z,USD,SAP_SYSTEM,C
1871,OR,1710,USCU_S12,17550,2016-10-26T00:00:00.000Z,USD,SAP_SYSTEM,C
1872,OR,1710,USCU_S01,26325,2016-10-26T00:00:00.000Z,USD,SAP_SYSTEM,C
1873,OR,1710,USCU_S05,7112,2016-10-26T00:00:00.000Z,USD,SAP_SYSTEM,C
1874,OR,1710,USCU_L04,4445,2016-10-26T00:00:00.000Z,USD,SAP_SYSTEM,C
1875,OR,1710,USCU_L03,7112,2016-10-26T00:00:00.000Z,USD,SAP_SYSTEM,C
1876,OR,1710,USCU_S10,8001,2016-10-26T00:00:00.000Z,USD,SAP_SYSTEM,C
1877,OR,1710,USCU_L10,39770,2016-10-26T00:00:00.000Z,USD,SAP_SYSTEM,C
1878,OR,1710,USCU_L07,31816,2016-10-26T00:00:00.000Z,USD,SAP_SYSTEM,C
1879,OR,1710,USCU_L02,19885,2016-10-26T00:00:00.000Z,USD,SAP_SYSTEM,C
1880,OR,1710,USCU_S01,55678,2016-10-26T00:00:00.000Z,USD,SAP_SYSTEM,C
1881,OR,1710,USCU_L09,7910,2016-10-26T00:00:00.000Z,USD,SAP_SYSTEM,C
1882,OR,1710,USCU_S16,2260,2016-10-26T00:00:00.000Z,USD,SAP_SYSTEM,C
1883,OR,1710,USCU_L01,1130,2016-10-26T00:00:00.000Z,USD,SAP_SYSTEM,C
1884,OR,1710,USCU_S17,103402,2016-10-26T00:00:00.000Z,USD,SAP_SYSTEM,C
1885,OR,1710,USCU_S09,135218,2016-10-26T00:00:00.000Z,USD,SAP_SYSTEM,C
1886,OR,1710,USCU_S12,6215,2016-10-26T00:00:00.000Z,USD,SAP_SYSTEM,C
1887,OR,1710,USCU_L06,21470,2016-10-26T00:00:00.000Z,USD,SAP_SYSTEM,C
1888,OR,1710,USCU_S05,5650,2016-10-26T00:00:00.000Z,USD,SAP_SYSTEM,C
1889,OR,1710,USCU_L02,7784,2016-10-26T00:00:00.000Z,USD,SAP_SYSTEM,C
1890,OR,1710,USCU_S05,77840,2016-10-26T00:00:00.000Z,USD,SAP_SYSTEM,C
1891,OR,1710,USCU_L06,7784,2016-10-26T00:00:00.000Z,USD,SAP_SYSTEM,C
1892,OR,1710,USCU_S13,27244,2016-10-26T00:00:00.000Z,USD,SAP_SYSTEM,C
1893,OR,1710,USCU_S12,247712,2016-10-26T00:00:00.000Z,USD,SAP_SYSTEM,C
1894,OR,1710,USCU_S17,116115,2016-10-26T00:00:00.000Z,USD,SAP_SYSTEM,C
1895,OR,1710,USCU_S01,116115,2016-10-26T00:00:00.000Z,USD,SAP_SYSTEM,C
1896,OR,1710,USCU_L05,675,2016-10-27T00:00:00.000Z,USD,SAP_SYSTEM,C
1897,OR,1710,USCU_S04,70,2016-10-27T00:00:00.000Z,USD,SAP_SYSTEM,C
1898,OR,1710,USCU_L10,7741,2016-10-27T00:00:00.000Z,USD,SAP_SYSTEM,C
1899,OR,1710,USCU_L10,7770,2016-10-27T00:00:00.000Z,USD,SAP_SYSTEM,C
1900,OR,1710,USCU_L02,1540,2016-10-27T00:00:00.000Z,USD,SAP_SYSTEM,C
1901,OR,1710,USCU_S09,1890,2016-10-27T00:00:00.000Z,USD,SAP_SYSTEM,C
1902,OR,1710,USCU_L04,6930,2016-10-27T00:00:00.000Z,USD,SAP_SYSTEM,C
1903,OR,1710,USCU_S14,5110,2016-10-27T00:00:00.000Z,USD,SAP_SYSTEM,C
1904,OR,1710,USCU_L10,1080,2016-10-27T00:00:00.000Z,USD,SAP_SYSTEM,C
1905,OR,1710,USCU_L03,1800,2016-10-27T00:00:00.000Z,USD,SAP_SYSTEM,C
1906,OR,1710,USCU_S15,2040,2016-10-27T00:00:00.000Z,USD,SAP_SYSTEM,C
1907,OR,1710,USCU_S08,5400,2016-10-27T00:00:00.000Z,USD,SAP_SYSTEM,C
1908,OR,1710,USCU_S04,5400,2016-10-27T00:00:00.000Z,USD,SAP_SYSTEM,C
1909,OR,1710,USCU_L08,9120,2016-10-27T00:00:00.000Z,USD,SAP_SYSTEM,C
1910,OR,1710,USCU_L10,23805,2016-10-27T00:00:00.000Z,USD,SAP_SYSTEM,C
1911,OR,1710,USCU_L02,42849,2016-10-27T00:00:00.000Z,USD,SAP_SYSTEM,C
1912,OR,1710,USCU_L08,6348,2016-10-27T00:00:00.000Z,USD,SAP_SYSTEM,C
1913,OR,1710,USCU_S09,17457,2016-10-27T00:00:00.000Z,USD,SAP_SYSTEM,C
1914,OR,1710,USCU_S01,190440,2016-10-27T00:00:00.000Z,USD,SAP_SYSTEM,C
1915,OR,1710,USCU_L10,10880,2016-10-27T00:00:00.000Z,USD,SAP_SYSTEM,C
1916,OR,1710,USCU_S15,190440,2016-10-27T00:00:00.000Z,USD,SAP_SYSTEM,C
1917,OR,1710,USCU_L01,7040,2016-10-27T00:00:00.000Z,USD,SAP_SYSTEM,C
1918,OR,1710,USCU_L05,18240,2016-10-27T00:00:00.000Z,USD,SAP_SYSTEM,C
1919,OR,1710,USCU_S15,1600,2016-10-27T00:00:00.000Z,USD,SAP_SYSTEM,C
1920,OR,1710,USCU_S08,3040,2016-10-27T00:00:00.000Z,USD,SAP_SYSTEM,C
1921,OR,1710,USCU_L10,10020,2016-10-27T00:00:00.000Z,USD,SAP_SYSTEM,C
1922,OR,1710,USCU_S02,3840,2016-10-27T00:00:00.000Z,USD,SAP_SYSTEM,C
1923,OR,1710,USCU_L01,23046,2016-10-27T00:00:00.000Z,USD,SAP_SYSTEM,C
1924,OR,1710,USCU_S15,82164,2016-10-27T00:00:00.000Z,USD,SAP_SYSTEM,C
1925,OR,1710,USCU_S06,73146,2016-10-27T00:00:00.000Z,USD,SAP_SYSTEM,C
1926,OR,1710,USCU_L05,7014,2016-10-27T00:00:00.000Z,USD,SAP_SYSTEM,C
1927,OR,1710,USCU_S08,31062,2016-10-27T00:00:00.000Z,USD,SAP_SYSTEM,C
1928,OR,1710,USCU_L10,1760,2016-10-27T00:00:00.000Z,USD,SAP_SYSTEM,C
1929,OR,1710,USCU_S15,1320,2016-10-27T00:00:00.000Z,USD,SAP_SYSTEM,C
1930,OR,1710,USCU_S01,1760,2016-10-27T00:00:00.000Z,USD,SAP_SYSTEM,C
1931,OR,1710,USCU_S08,11000,2016-10-27T00:00:00.000Z,USD,SAP_SYSTEM,C
1932,OR,1710,USCU_L07,15400,2016-10-27T00:00:00.000Z,USD,SAP_SYSTEM,C
1933,OR,1710,USCU_L01,12320,2016-10-27T00:00:00.000Z,USD,SAP_SYSTEM,C
1934,OR,1710,USCU_L09,4050,2016-10-27T00:00:00.000Z,USD,SAP_SYSTEM,C
1935,OR,1710,USCU_S10,9450,2016-10-27T00:00:00.000Z,USD,SAP_SYSTEM,C
1936,OR,1710,USCU_L02,6750,2016-10-27T00:00:00.000Z,USD,SAP_SYSTEM,C
1937,OR,1710,USCU_S02,45900,2016-10-27T00:00:00.000Z,USD,SAP_SYSTEM,C
1938,OR,1710,USCU_L10,7112,2016-10-27T00:00:00.000Z,USD,SAP_SYSTEM,C
1939,OR,1710,USCU_S14,21600,2016-10-27T00:00:00.000Z,USD,SAP_SYSTEM,C
1940,OR,1710,USCU_L08,7112,2016-10-27T00:00:00.000Z,USD,SAP_SYSTEM,C
1941,OR,1710,USCU_S12,10668,2016-10-27T00:00:00.000Z,USD,SAP_SYSTEM,C
1942,OR,1710,USCU_L03,10668,2016-10-27T00:00:00.000Z,USD,SAP_SYSTEM,C
1943,OR,1710,USCU_S02,19558,2016-10-27T00:00:00.000Z,USD,SAP_SYSTEM,C
1944,OR,1710,USCU_L10,23862,2016-10-27T00:00:00.000Z,USD,SAP_SYSTEM,C
1945,OR,1710,USCU_S17,51701,2016-10-27T00:00:00.000Z,USD,SAP_SYSTEM,C
1946,OR,1710,USCU_L02,19885,2016-10-27T00:00:00.000Z,USD,SAP_SYSTEM,C
1947,OR,1710,USCU_S06,71586,2016-10-27T00:00:00.000Z,USD,SAP_SYSTEM,C
1948,OR,1710,USCU_L05,19885,2016-10-27T00:00:00.000Z,USD,SAP_SYSTEM,C
1949,OR,1710,USCU_S08,43747,2016-10-27T00:00:00.000Z,USD,SAP_SYSTEM,C
1950,OR,1710,USCU_L02,2260,2016-10-27T00:00:00.000Z,USD,SAP_SYSTEM,C
1951,OR,1710,USCU_L10,9040,2016-10-27T00:00:00.000Z,USD,SAP_SYSTEM,C
1952,OR,1710,USCU_S14,2825,2016-10-27T00:00:00.000Z,USD,SAP_SYSTEM,C
1953,OR,1710,USCU_S13,4520,2016-10-27T00:00:00.000Z,USD,SAP_SYSTEM,C
1954,OR,1710,USCU_L05,27120,2016-10-27T00:00:00.000Z,USD,SAP_SYSTEM,C
1955,OR,1710,USCU_S15,27244,2016-10-27T00:00:00.000Z,USD,SAP_SYSTEM,C
1956,OR,1710,USCU_S11,15568,2016-10-27T00:00:00.000Z,USD,SAP_SYSTEM,C
1957,OR,1710,USCU_S01,128436,2016-10-27T00:00:00.000Z,USD,SAP_SYSTEM,C
1958,OR,1710,USCU_S16,270935,2016-10-27T00:00:00.000Z,USD,SAP_SYSTEM,C
1959,OR,1710,USCU_S08,239971,2016-10-27T00:00:00.000Z,USD,SAP_SYSTEM,C
1960,OR,1710,USCU_S02,38705,2016-10-27T00:00:00.000Z,USD,SAP_SYSTEM,C
1961,OR,1710,USCU_S16,440,2016-10-28T00:00:00.000Z,USD,SAP_SYSTEM,C
1962,OR,1710,USCU_L01,675,2016-10-28T00:00:00.000Z,USD,SAP_SYSTEM,C
1963,OR,1710,USCU_L05,7741,2016-10-28T00:00:00.000Z,USD,SAP_SYSTEM,C
1964,OR,1710,USCU_S15,160,2016-10-28T00:00:00.000Z,USD,SAP_SYSTEM,C
1965,OR,1710,USCU_L03,7741,2016-10-28T00:00:00.000Z,USD,SAP_SYSTEM,C
1966,OR,1710,USCU_L03,3892,2016-10-28T00:00:00.000Z,USD,SAP_SYSTEM,C
1967,OR,1710,USCU_L02,17780,2016-10-28T00:00:00.000Z,USD,SAP_SYSTEM,C
1968,OR,1710,USCU_L09,13860,2016-10-28T00:00:00.000Z,USD,SAP_SYSTEM,C
1969,OR,1710,USCU_L08,13720,2016-10-28T00:00:00.000Z,USD,SAP_SYSTEM,C
1970,OR,1710,USCU_S04,4130,2016-10-28T00:00:00.000Z,USD,SAP_SYSTEM,C
1971,OR,1710,USCU_S10,10640,2016-10-28T00:00:00.000Z,USD,SAP_SYSTEM,C
1972,OR,1710,USCU_S16,1750,2016-10-28T00:00:00.000Z,USD,SAP_SYSTEM,C
1973,OR,1710,USCU_L10,5760,2016-10-28T00:00:00.000Z,USD,SAP_SYSTEM,C
1974,OR,1710,USCU_S16,2280,2016-10-28T00:00:00.000Z,USD,SAP_SYSTEM,C
1975,OR,1710,USCU_L06,960,2016-10-28T00:00:00.000Z,USD,SAP_SYSTEM,C
1976,OR,1710,USCU_S07,5280,2016-10-28T00:00:00.000Z,USD,SAP_SYSTEM,C
1977,OR,1710,USCU_S02,12360,2016-10-28T00:00:00.000Z,USD,SAP_SYSTEM,C
1978,OR,1710,USCU_L10,7935,2016-10-28T00:00:00.000Z,USD,SAP_SYSTEM,C
1979,OR,1710,USCU_L03,15840,2016-10-28T00:00:00.000Z,USD,SAP_SYSTEM,C
1980,OR,1710,USCU_L01,30153,2016-10-28T00:00:00.000Z,USD,SAP_SYSTEM,C
1981,OR,1710,USCU_L05,11109,2016-10-28T00:00:00.000Z,USD,SAP_SYSTEM,C
1982,OR,1710,USCU_S12,38088,2016-10-28T00:00:00.000Z,USD,SAP_SYSTEM,C
1983,OR,1710,USCU_S04,219006,2016-10-28T00:00:00.000Z,USD,SAP_SYSTEM,C
1984,OR,1710,USCU_L10,10400,2016-10-28T00:00:00.000Z,USD,SAP_SYSTEM,C
1985,OR,1710,USCU_S16,123786,2016-10-28T00:00:00.000Z,USD,SAP_SYSTEM,C
1986,OR,1710,USCU_L03,8640,2016-10-28T00:00:00.000Z,USD,SAP_SYSTEM,C
1987,OR,1710,USCU_S05,320,2016-10-28T00:00:00.000Z,USD,SAP_SYSTEM,C
1988,OR,1710,USCU_L07,14560,2016-10-28T00:00:00.000Z,USD,SAP_SYSTEM,C
1989,OR,1710,USCU_L09,11022,2016-10-28T00:00:00.000Z,USD,SAP_SYSTEM,C
1990,OR,1710,USCU_S11,1760,2016-10-28T00:00:00.000Z,USD,SAP_SYSTEM,C
1991,OR,1710,USCU_S14,82164,2016-10-28T00:00:00.000Z,USD,SAP_SYSTEM,C
1992,OR,1710,USCU_L01,29058,2016-10-28T00:00:00.000Z,USD,SAP_SYSTEM,C
1993,OR,1710,USCU_L10,14960,2016-10-28T00:00:00.000Z,USD,SAP_SYSTEM,C
1994,OR,1710,USCU_L05,10020,2016-10-28T00:00:00.000Z,USD,SAP_SYSTEM,C
1995,OR,1710,USCU_S05,176352,2016-10-28T00:00:00.000Z,USD,SAP_SYSTEM,C
1996,OR,1710,USCU_S08,101202,2016-10-28T00:00:00.000Z,USD,SAP_SYSTEM,C
1997,OR,1710,USCU_L05,4400,2016-10-28T00:00:00.000Z,USD,SAP_SYSTEM,C
1998,OR,1710,USCU_S05,6160,2016-10-28T00:00:00.000Z,USD,SAP_SYSTEM,C
1999,OR,1710,USCU_S12,7040,2016-10-28T00:00:00.000Z,USD,SAP_SYSTEM,C
2000,OR,1710,USCU_L10,4050,2016-10-28T00:00:00.000Z,USD,SAP_SYSTEM,C
2001,OR,1710,USCU_L03,12320,2016-10-28T00:00:00.000Z,USD,SAP_SYSTEM,C
2002,OR,1710,USCU_S09,8100,2016-10-28T00:00:00.000Z,USD,SAP_SYSTEM,C
2003,OR,1710,USCU_L04,2700,2016-10-28T00:00:00.000Z,USD,SAP_SYSTEM,C
2004,OR,1710,USCU_S15,1350,2016-10-28T00:00:00.000Z,USD,SAP_SYSTEM,C
2005,OR,1710,USCU_S01,36450,2016-10-28T00:00:00.000Z,USD,SAP_SYSTEM,C
2006,OR,1710,USCU_L09,7112,2016-10-28T00:00:00.000Z,USD,SAP_SYSTEM,C
2007,OR,1710,USCU_L03,8890,2016-10-28T00:00:00.000Z,USD,SAP_SYSTEM,C
2008,OR,1710,USCU_L05,5334,2016-10-28T00:00:00.000Z,USD,SAP_SYSTEM,C
2009,OR,1710,USCU_L01,11931,2016-10-28T00:00:00.000Z,USD,SAP_SYSTEM,C
2010,OR,1710,USCU_S09,16891,2016-10-28T00:00:00.000Z,USD,SAP_SYSTEM,C
2011,OR,1710,USCU_S06,16891,2016-10-28T00:00:00.000Z,USD,SAP_SYSTEM,C
2012,OR,1710,USCU_S17,23862,2016-10-28T00:00:00.000Z,USD,SAP_SYSTEM,C
2013,OR,1710,USCU_L06,23862,2016-10-28T00:00:00.000Z,USD,SAP_SYSTEM,C
2014,OR,1710,USCU_S03,103402,2016-10-28T00:00:00.000Z,USD,SAP_SYSTEM,C
2015,OR,1710,USCU_L10,3390,2016-10-28T00:00:00.000Z,USD,SAP_SYSTEM,C
2016,OR,1710,USCU_S12,171011,2016-10-28T00:00:00.000Z,USD,SAP_SYSTEM,C
2017,OR,1710,USCU_S07,5650,2016-10-28T00:00:00.000Z,USD,SAP_SYSTEM,C
2018,OR,1710,USCU_L06,28250,2016-10-28T00:00:00.000Z,USD,SAP_SYSTEM,C
2019,OR,1710,USCU_S05,5650,2016-10-28T00:00:00.000Z,USD,SAP_SYSTEM,C
2020,OR,1710,USCU_L01,7910,2016-10-28T00:00:00.000Z,USD,SAP_SYSTEM,C
2021,OR,1710,USCU_S07,11676,2016-10-28T00:00:00.000Z,USD,SAP_SYSTEM,C
2022,OR,1710,USCU_S16,50596,2016-10-28T00:00:00.000Z,USD,SAP_SYSTEM,C
2023,OR,1710,USCU_L04,7784,2016-10-28T00:00:00.000Z,USD,SAP_SYSTEM,C
2024,OR,1710,USCU_S01,112868,2016-10-28T00:00:00.000Z,USD,SAP_SYSTEM,C
2025,OR,1710,USCU_S15,418014,2016-10-28T00:00:00.000Z,USD,SAP_SYSTEM,C
2026,OR,1710,USCU_S09,38705,2016-10-28T00:00:00.000Z,USD,SAP_SYSTEM,C
2027,OR,1710,USCU_S06,38705,2016-10-28T00:00:00.000Z,USD,SAP_SYSTEM,C
2028,OR,1710,USCU_S15,889,2016-10-29T00:00:00.000Z,USD,SAP_SYSTEM,C
2029,OR,1710,USCU_S16,440,2016-10-29T00:00:00.000Z,USD,SAP_SYSTEM,C
2030,OR,1710,USCU_L07,7741,2016-10-29T00:00:00.000Z,USD,SAP_SYSTEM,C
2031,OR,1710,USCU_L09,630,2016-10-29T00:00:00.000Z,USD,SAP_SYSTEM,C
2032,OR,1710,USCU_L02,9660,2016-10-29T00:00:00.000Z,USD,SAP_SYSTEM,C
2033,OR,1710,USCU_S04,1190,2016-10-29T00:00:00.000Z,USD,SAP_SYSTEM,C
2034,OR,1710,USCU_S13,8750,2016-10-29T00:00:00.000Z,USD,SAP_SYSTEM,C
2035,OR,1710,USCU_S14,3850,2016-10-29T00:00:00.000Z,USD,SAP_SYSTEM,C
2036,OR,1710,USCU_L09,10200,2016-10-29T00:00:00.000Z,USD,SAP_SYSTEM,C
2037,OR,1710,USCU_L07,13300,2016-10-29T00:00:00.000Z,USD,SAP_SYSTEM,C
2038,OR,1710,USCU_L02,7200,2016-10-29T00:00:00.000Z,USD,SAP_SYSTEM,C
2039,OR,1710,USCU_S13,6240,2016-10-29T00:00:00.000Z,USD,SAP_SYSTEM,C
2040,OR,1710,USCU_S14,480,2016-10-29T00:00:00.000Z,USD,SAP_SYSTEM,C
2041,OR,1710,USCU_L04,5160,2016-10-29T00:00:00.000Z,USD,SAP_SYSTEM,C
2042,OR,1710,USCU_S06,11520,2016-10-29T00:00:00.000Z,USD,SAP_SYSTEM,C
2043,OR,1710,USCU_L09,6348,2016-10-29T00:00:00.000Z,USD,SAP_SYSTEM,C
2044,OR,1710,USCU_L03,49197,2016-10-29T00:00:00.000Z,USD,SAP_SYSTEM,C
2045,OR,1710,USCU_L06,25392,2016-10-29T00:00:00.000Z,USD,SAP_SYSTEM,C
2046,OR,1710,USCU_S16,52371,2016-10-29T00:00:00.000Z,USD,SAP_SYSTEM,C
2047,OR,1710,USCU_S06,177744,2016-10-29T00:00:00.000Z,USD,SAP_SYSTEM,C
2048,OR,1710,USCU_L10,12480,2016-10-29T00:00:00.000Z,USD,SAP_SYSTEM,C
2049,OR,1710,USCU_S11,104742,2016-10-29T00:00:00.000Z,USD,SAP_SYSTEM,C
2050,OR,1710,USCU_L03,5280,2016-10-29T00:00:00.000Z,USD,SAP_SYSTEM,C
2051,OR,1710,USCU_L08,15200,2016-10-29T00:00:00.000Z,USD,SAP_SYSTEM,C
2052,OR,1710,USCU_S05,320,2016-10-29T00:00:00.000Z,USD,SAP_SYSTEM,C
2053,OR,1710,USCU_S14,480,2016-10-29T00:00:00.000Z,USD,SAP_SYSTEM,C
2054,OR,1710,USCU_S13,640,2016-10-29T00:00:00.000Z,USD,SAP_SYSTEM,C
2055,OR,1710,USCU_L10,11022,2016-10-29T00:00:00.000Z,USD,SAP_SYSTEM,C
2056,OR,1710,USCU_L01,4008,2016-10-29T00:00:00.000Z,USD,SAP_SYSTEM,C
2057,OR,1710,USCU_S16,70140,2016-10-29T00:00:00.000Z,USD,SAP_SYSTEM,C
2058,OR,1710,USCU_S11,97194,2016-10-29T00:00:00.000Z,USD,SAP_SYSTEM,C
2059,OR,1710,USCU_L10,15840,2016-10-29T00:00:00.000Z,USD,SAP_SYSTEM,C
2060,OR,1710,USCU_S05,45090,2016-10-29T00:00:00.000Z,USD,SAP_SYSTEM,C
2061,OR,1710,USCU_S03,5720,2016-10-29T00:00:00.000Z,USD,SAP_SYSTEM,C
2062,OR,1710,USCU_L03,9240,2016-10-29T00:00:00.000Z,USD,SAP_SYSTEM,C
2063,OR,1710,USCU_S13,9240,2016-10-29T00:00:00.000Z,USD,SAP_SYSTEM,C
2064,OR,1710,USCU_L09,8775,2016-10-29T00:00:00.000Z,USD,SAP_SYSTEM,C
2065,OR,1710,USCU_L06,29040,2016-10-29T00:00:00.000Z,USD,SAP_SYSTEM,C
2066,OR,1710,USCU_L02,3375,2016-10-29T00:00:00.000Z,USD,SAP_SYSTEM,C
2067,OR,1710,USCU_S08,18900,2016-10-29T00:00:00.000Z,USD,SAP_SYSTEM,C
2068,OR,1710,USCU_S17,11475,2016-10-29T00:00:00.000Z,USD,SAP_SYSTEM,C
2069,OR,1710,USCU_S05,6075,2016-10-29T00:00:00.000Z,USD,SAP_SYSTEM,C
2070,OR,1710,USCU_L06,2700,2016-10-29T00:00:00.000Z,USD,SAP_SYSTEM,C
2071,OR,1710,USCU_L09,1778,2016-10-29T00:00:00.000Z,USD,SAP_SYSTEM,C
2072,OR,1710,USCU_L02,8001,2016-10-29T00:00:00.000Z,USD,SAP_SYSTEM,C
2073,OR,1710,USCU_S09,4445,2016-10-29T00:00:00.000Z,USD,SAP_SYSTEM,C
2074,OR,1710,USCU_S06,11557,2016-10-29T00:00:00.000Z,USD,SAP_SYSTEM,C
2075,OR,1710,USCU_L10,47724,2016-10-29T00:00:00.000Z,USD,SAP_SYSTEM,C
2076,OR,1710,USCU_L02,7954,2016-10-29T00:00:00.000Z,USD,SAP_SYSTEM,C
2077,OR,1710,USCU_L07,18669,2016-10-29T00:00:00.000Z,USD,SAP_SYSTEM,C
2078,OR,1710,USCU_S17,55678,2016-10-29T00:00:00.000Z,USD,SAP_SYSTEM,C
2079,OR,1710,USCU_L05,55678,2016-10-29T00:00:00.000Z,USD,SAP_SYSTEM,C
2080,OR,1710,USCU_S11,71586,2016-10-29T00:00:00.000Z,USD,SAP_SYSTEM,C
2081,OR,1710,USCU_S02,107379,2016-10-29T00:00:00.000Z,USD,SAP_SYSTEM,C
2082,OR,1710,USCU_S09,1130,2016-10-29T00:00:00.000Z,USD,SAP_SYSTEM,C
2083,OR,1710,USCU_L09,3955,2016-10-29T00:00:00.000Z,USD,SAP_SYSTEM,C
2084,OR,1710,USCU_S05,1695,2016-10-29T00:00:00.000Z,USD,SAP_SYSTEM,C
2085,OR,1710,USCU_S14,2825,2016-10-29T00:00:00.000Z,USD,SAP_SYSTEM,C
2086,OR,1710,USCU_L06,10735,2016-10-29T00:00:00.000Z,USD,SAP_SYSTEM,C
2087,OR,1710,USCU_L02,7345,2016-10-29T00:00:00.000Z,USD,SAP_SYSTEM,C
2088,OR,1710,USCU_S05,147896,2016-10-29T00:00:00.000Z,USD,SAP_SYSTEM,C
2089,OR,1710,USCU_S10,27244,2016-10-29T00:00:00.000Z,USD,SAP_SYSTEM,C
2090,OR,1710,USCU_S16,58380,2016-10-29T00:00:00.000Z,USD,SAP_SYSTEM,C
2091,OR,1710,USCU_S01,38705,2016-10-29T00:00:00.000Z,USD,SAP_SYSTEM,C
2092,OR,1710,USCU_S08,247712,2016-10-29T00:00:00.000Z,USD,SAP_SYSTEM,C
2093,OR,1710,USCU_S16,425755,2016-10-29T00:00:00.000Z,USD,SAP_SYSTEM,C
2094,OR,1710,USCU_L02,3977,2016-10-30T00:00:00.000Z,USD,SAP_SYSTEM,C
2095,OR,1710,USCU_S15,565,2016-10-30T00:00:00.000Z,USD,SAP_SYSTEM,C
2096,OR,1710,USCU_L02,7741,2016-10-30T00:00:00.000Z,USD,SAP_SYSTEM,C
2097,OR,1710,USCU_S15,160,2016-10-30T00:00:00.000Z,USD,SAP_SYSTEM,C
2098,OR,1710,USCU_L08,3892,2016-10-30T00:00:00.000Z,USD,SAP_SYSTEM,C
2099,OR,1710,USCU_L10,3977,2016-10-30T00:00:00.000Z,USD,SAP_SYSTEM,C
2100,OR,1710,USCU_L09,14350,2016-10-30T00:00:00.000Z,USD,SAP_SYSTEM,C
2101,OR,1710,USCU_S17,1750,2016-10-30T00:00:00.000Z,USD,SAP_SYSTEM,C
2102,OR,1710,USCU_S06,2520,2016-10-30T00:00:00.000Z,USD,SAP_SYSTEM,C
2103,OR,1710,USCU_L03,3500,2016-10-30T00:00:00.000Z,USD,SAP_SYSTEM,C
2104,OR,1710,USCU_L06,12670,2016-10-30T00:00:00.000Z,USD,SAP_SYSTEM,C
2105,OR,1710,USCU_S13,11480,2016-10-30T00:00:00.000Z,USD,SAP_SYSTEM,C
2106,OR,1710,USCU_L09,10920,2016-10-30T00:00:00.000Z,USD,SAP_SYSTEM,C
2107,OR,1710,USCU_L01,15240,2016-10-30T00:00:00.000Z,USD,SAP_SYSTEM,C
2108,OR,1710,USCU_S17,2040,2016-10-30T00:00:00.000Z,USD,SAP_SYSTEM,C
2109,OR,1710,USCU_L06,12960,2016-10-30T00:00:00.000Z,USD,SAP_SYSTEM,C
2110,OR,1710,USCU_S06,14880,2016-10-30T00:00:00.000Z,USD,SAP_SYSTEM,C
2111,OR,1710,USCU_L10,11109,2016-10-30T00:00:00.000Z,USD,SAP_SYSTEM,C
2112,OR,1710,USCU_L02,36501,2016-10-30T00:00:00.000Z,USD,SAP_SYSTEM,C
2113,OR,1710,USCU_L06,12696,2016-10-30T00:00:00.000Z,USD,SAP_SYSTEM,C
2114,OR,1710,USCU_S15,284073,2016-10-30T00:00:00.000Z,USD,SAP_SYSTEM,C
2115,OR,1710,USCU_L09,10400,2016-10-30T00:00:00.000Z,USD,SAP_SYSTEM,C
2116,OR,1710,USCU_S03,209484,2016-10-30T00:00:00.000Z,USD,SAP_SYSTEM,C
2117,OR,1710,USCU_S07,123786,2016-10-30T00:00:00.000Z,USD,SAP_SYSTEM,C
2118,OR,1710,USCU_L05,6720,2016-10-30T00:00:00.000Z,USD,SAP_SYSTEM,C
2119,OR,1710,USCU_L02,1440,2016-10-30T00:00:00.000Z,USD,SAP_SYSTEM,C
2120,OR,1710,USCU_L10,2004,2016-10-30T00:00:00.000Z,USD,SAP_SYSTEM,C
2121,OR,1710,USCU_S07,2560,2016-10-30T00:00:00.000Z,USD,SAP_SYSTEM,C
2122,OR,1710,USCU_S04,2560,2016-10-30T00:00:00.000Z,USD,SAP_SYSTEM,C
2123,OR,1710,USCU_S15,99198,2016-10-30T00:00:00.000Z,USD,SAP_SYSTEM,C
2124,OR,1710,USCU_L02,5010,2016-10-30T00:00:00.000Z,USD,SAP_SYSTEM,C
2125,OR,1710,USCU_L10,5280,2016-10-30T00:00:00.000Z,USD,SAP_SYSTEM,C
2126,OR,1710,USCU_S04,84168,2016-10-30T00:00:00.000Z,USD,SAP_SYSTEM,C
2127,OR,1710,USCU_L08,7014,2016-10-30T00:00:00.000Z,USD,SAP_SYSTEM,C
2128,OR,1710,USCU_S08,123246,2016-10-30T00:00:00.000Z,USD,SAP_SYSTEM,C
2129,OR,1710,USCU_S16,2200,2016-10-30T00:00:00.000Z,USD,SAP_SYSTEM,C
2130,OR,1710,USCU_S05,4400,2016-10-30T00:00:00.000Z,USD,SAP_SYSTEM,C
2131,OR,1710,USCU_L02,6160,2016-10-30T00:00:00.000Z,USD,SAP_SYSTEM,C
2132,OR,1710,USCU_L04,13640,2016-10-30T00:00:00.000Z,USD,SAP_SYSTEM,C
2133,OR,1710,USCU_S10,8800,2016-10-30T00:00:00.000Z,USD,SAP_SYSTEM,C
2134,OR,1710,USCU_L09,4050,2016-10-30T00:00:00.000Z,USD,SAP_SYSTEM,C
2135,OR,1710,USCU_L02,2025,2016-10-30T00:00:00.000Z,USD,SAP_SYSTEM,C
2136,OR,1710,USCU_S02,9450,2016-10-30T00:00:00.000Z,USD,SAP_SYSTEM,C
2137,OR,1710,USCU_L05,3375,2016-10-30T00:00:00.000Z,USD,SAP_SYSTEM,C
2138,OR,1710,USCU_S12,8100,2016-10-30T00:00:00.000Z,USD,SAP_SYSTEM,C
2139,OR,1710,USCU_S14,29700,2016-10-30T00:00:00.000Z,USD,SAP_SYSTEM,C
2140,OR,1710,USCU_L09,36449,2016-10-30T00:00:00.000Z,USD,SAP_SYSTEM,C
2141,OR,1710,USCU_L01,2667,2016-10-30T00:00:00.000Z,USD,SAP_SYSTEM,C
2142,OR,1710,USCU_S12,5334,2016-10-30T00:00:00.000Z,USD,SAP_SYSTEM,C
2143,OR,1710,USCU_S14,2667,2016-10-30T00:00:00.000Z,USD,SAP_SYSTEM,C
2144,OR,1710,USCU_L04,34671,2016-10-30T00:00:00.000Z,USD,SAP_SYSTEM,C
2145,OR,1710,USCU_S15,47724,2016-10-30T00:00:00.000Z,USD,SAP_SYSTEM,C
2146,OR,1710,USCU_S08,31816,2016-10-30T00:00:00.000Z,USD,SAP_SYSTEM,C
2147,OR,1710,USCU_L08,27839,2016-10-30T00:00:00.000Z,USD,SAP_SYSTEM,C
2148,OR,1710,USCU_S07,6215,2016-10-30T00:00:00.000Z,USD,SAP_SYSTEM,C
2149,OR,1710,USCU_L08,5650,2016-10-30T00:00:00.000Z,USD,SAP_SYSTEM,C
2150,OR,1710,USCU_L01,9605,2016-10-30T00:00:00.000Z,USD,SAP_SYSTEM,C
2151,OR,1710,USCU_L02,7784,2016-10-30T00:00:00.000Z,USD,SAP_SYSTEM,C
2152,OR,1710,USCU_S11,42812,2016-10-30T00:00:00.000Z,USD,SAP_SYSTEM,C
2153,OR,1710,USCU_S16,31136,2016-10-30T00:00:00.000Z,USD,SAP_SYSTEM,C
2154,OR,1710,USCU_S06,108976,2016-10-30T00:00:00.000Z,USD,SAP_SYSTEM,C
2155,OR,1710,USCU_S14,123856,2016-10-30T00:00:00.000Z,USD,SAP_SYSTEM,C
2156,OR,1710,USCU_S04,162561,2016-10-30T00:00:00.000Z,USD,SAP_SYSTEM,C
2157,OR,1710,USCU_S12,131597,2016-10-30T00:00:00.000Z,USD,SAP_SYSTEM,C
2158,OR,1710,USCU_L09,7741,2016-10-31T00:00:00.000Z,USD,SAP_SYSTEM,C
2159,OR,1710,USCU_L09,6720,2016-10-31T00:00:00.000Z,USD,SAP_SYSTEM,C
2160,OR,1710,USCU_L02,10360,2016-10-31T00:00:00.000Z,USD,SAP_SYSTEM,C
2161,OR,1710,USCU_S14,5250,2016-10-31T00:00:00.000Z,USD,SAP_SYSTEM,C
2162,OR,1710,USCU_S02,1820,2016-10-31T00:00:00.000Z,USD,SAP_SYSTEM,C
2163,OR,1710,USCU_L09,8280,2016-10-31T00:00:00.000Z,USD,SAP_SYSTEM,C
2164,OR,1710,USCU_S09,10710,2016-10-31T00:00:00.000Z,USD,SAP_SYSTEM,C
2165,OR,1710,USCU_L04,12040,2016-10-31T00:00:00.000Z,USD,SAP_SYSTEM,C